timeOpen,timeClose,timeHigh,timeLow,name,open,high,low,close,volume,marketCap,timestamp
2024-02-01T00:00:00.000Z,2024-02-01T23:59:59.999Z,2024-02-01T19:52:00.000Z,2024-02-01T01:38:00.000Z,2781,42569.7613984399,43243.1681801413,41879.1899911815,43075.7745999369,21423953779.18,844943939979.73,2024-02-01T23:59:59.999Z
2024-01-31T00:00:00.000Z,2024-01-31T23:59:59.999Z,2024-01-31T18:00:00.000Z,2024-01-31T21:30:00.000Z,2781,42946.251373978,43717.4046564783,42298.9471563758,42582.6063895367,24673628793.16,835231465697.41,2024-01-31T23:59:59.999Z
2024-01-30T00:00:00.000Z,2024-01-30T23:59:59.999Z,2024-01-30T12:24:00.000Z,2024-01-30T23:47:00.000Z,2781,43300.2280935041,43838.9468441061,42711.371764431,42952.6082102489,23842814517.72,842451754278.67,2024-01-30T23:59:59.999Z
2024-01-29T00:00:00.000Z,2024-01-29T23:59:59.999Z,2024-01-29T23:49:00.000Z,2024-01-29T14:52:00.000Z,2781,42030.9153796232,43305.868859591,41818.3310863757,43288.2453360835,20668476578.33,848995300207.95,2024-01-29T23:59:59.999Z
2024-01-28T00:00:00.000Z,2024-01-28T23:59:59.999Z,2024-01-28T05:20:00.000Z,2024-01-28T20:16:00.000Z,2781,42126.1259571253,42797.1773592875,41696.9083425677,42035.5943721701,16858971687.07,824387868796.11,2024-01-28T23:59:59.999Z
2024-01-27T00:00:00.000Z,2024-01-27T23:59:59.999Z,2024-01-27T22:30:00.000Z,2024-01-27T09:01:00.000Z,2781,41815.625020172,42195.6315569807,41431.2798936061,42120.0563516849,11422941934.26,826001135532.44,2024-01-27T23:59:59.999Z
2024-01-26T00:00:00.000Z,2024-01-26T23:59:59.999Z,2024-01-26T20:14:00.000Z,2024-01-26T01:11:00.000Z,2781,39936.8168833334,42209.3851748614,39825.6922313522,41816.8728440034,25598119893.13,820011355201.19,2024-01-26T23:59:59.999Z
2024-01-25T00:00:00.000Z,2024-01-25T23:59:59.999Z,2024-01-25T11:30:00.000Z,2024-01-25T17:18:00.000Z,2781,40075.5490213235,40254.4823232698,39545.6644584551,39933.80775217,18491782013.19,783046781497.74,2024-01-25T23:59:59.999Z
2024-01-24T00:00:00.000Z,2024-01-24T23:59:59.999Z,2024-01-24T10:50:00.000Z,2024-01-24T20:57:00.000Z,2781,39877.5955582972,40483.7838777778,39508.7984636234,40077.073269779,22359526178.02,785809931670.85,2024-01-24T23:59:59.999Z
2024-01-23T00:00:00.000Z,2024-01-23T23:59:59.999Z,2024-01-23T04:27:00.000Z,2024-01-23T14:24:00.000Z,2781,39518.7154526761,40127.3534273434,38521.8938882205,39845.5511467999,29244553045.3,781234029910.6,2024-01-23T23:59:59.999Z
2024-01-22T00:00:00.000Z,2024-01-22T23:59:59.999Z,2024-01-22T01:05:00.000Z,2024-01-22T19:44:00.000Z,2781,41553.6526912489,41651.2067927986,39450.1189925939,39507.368823822,31338708142.69,774565393660.75,2024-01-22T23:59:59.999Z
2024-01-21T00:00:00.000Z,2024-01-21T23:59:59.999Z,2024-01-21T14:17:00.000Z,2024-01-21T23:32:00.000Z,2781,41671.488525486,41855.3687214059,41497.0096642442,41545.7835143902,9344043641.69,814488966035.62,2024-01-21T23:59:59.999Z
2024-01-20T00:00:00.000Z,2024-01-20T23:59:59.999Z,2024-01-20T21:10:00.000Z,2024-01-20T00:39:00.000Z,2781,41624.5890285851,41877.8939176969,41446.8230903601,41665.5848362109,11586690904.11,816801167080.27,2024-01-20T23:59:59.999Z
2024-01-19T00:00:00.000Z,2024-01-19T23:59:59.999Z,2024-01-19T20:15:00.000Z,2024-01-19T17:11:00.000Z,2781,41278.4591854003,42134.1589750297,40297.4578577579,41618.4073654042,25752407154.41,815839646533.36,2024-01-19T23:59:59.999Z
2024-01-18T00:00:00.000Z,2024-01-18T23:59:59.999Z,2024-01-18T08:03:00.000Z,2024-01-18T20:37:00.000Z,2781,42742.3116238329,42876.3466025394,40631.170494622,41262.0583641846,25218357242.1,808819115627.1,2024-01-18T23:59:59.999Z
2024-01-17T00:00:00.000Z,2024-01-17T23:59:59.999Z,2024-01-17T01:29:00.000Z,2024-01-17T17:06:00.000Z,2781,43132.1003391655,43189.8905105363,42189.3105279928,42742.6528373141,20851232595.16,837804850463.55,2024-01-17T23:59:59.999Z
2024-01-16T00:00:00.000Z,2024-01-16T23:59:59.999Z,2024-01-16T21:39:00.000Z,2024-01-16T14:45:00.000Z,2781,42499.3375361691,43566.2749235186,42085.9960280039,43154.9442343824,24062872739.52,845855247845.2,2024-01-16T23:59:59.999Z
2024-01-15T00:00:00.000Z,2024-01-15T23:59:59.999Z,2024-01-15T18:47:00.000Z,2024-01-15T00:02:00.000Z,2781,41715.0665274581,43319.7211832336,41705.4183277754,42511.9677203311,22320220557.74,833216754804.02,2024-01-15T23:59:59.999Z
2024-01-14T00:00:00.000Z,2024-01-14T23:59:59.999Z,2024-01-14T09:59:00.000Z,2024-01-14T23:55:00.000Z,2781,42842.2636652252,43065.5988521059,41724.6137245906,41796.2696064245,17521429522.39,819159863482.62,2024-01-14T23:59:59.999Z
2024-01-13T00:00:00.000Z,2024-01-13T23:59:59.999Z,2024-01-13T08:30:00.000Z,2024-01-13T03:31:00.000Z,2781,42799.4464877818,43234.6617771986,42464.1432038222,42842.382191236,20601860468.7,839627405357.25,2024-01-13T23:59:59.999Z
2024-01-12T00:00:00.000Z,2024-01-12T23:59:59.999Z,2024-01-12T00:47:00.000Z,2024-01-12T22:30:00.000Z,2781,46354.7931880012,46498.1348211579,41903.7707507553,42853.166658062,43332698900.4,839796421013.38,2024-01-12T23:59:59.999Z
2024-01-11T00:00:00.000Z,2024-01-11T23:59:59.999Z,2024-01-11T14:52:00.000Z,2024-01-11T06:19:00.000Z,2781,46656.0730839661,48969.3713995297,45678.6453977641,46368.5853820194,45833734549.23,908639958360.69,2024-01-11T23:59:59.999Z
2024-01-10T00:00:00.000Z,2024-01-10T23:59:59.999Z,2024-01-10T23:20:00.000Z,2024-01-10T13:01:00.000Z,2781,46121.5398246707,47647.2209853195,44483.1508612105,46627.7791119614,50114613298.1,913669280076.61,2024-01-10T23:59:59.999Z
2024-01-09T00:00:00.000Z,2024-01-09T23:59:59.999Z,2024-01-09T21:15:00.000Z,2024-01-09T21:27:00.000Z,2781,46987.6387410088,47893.701008309,45244.7151480448,46139.7303748525,39821290991.56,904067321453.05,2024-01-09T23:59:59.999Z
2024-01-08T00:00:00.000Z,2024-01-08T23:59:59.999Z,2024-01-08T21:42:00.000Z,2024-01-08T02:54:00.000Z,2781,43948.7069553091,47218.0011250012,43244.0816061893,46970.5023144901,42746192015.18,920302445948.27,2024-01-08T23:59:59.999Z
2024-01-07T00:00:00.000Z,2024-01-07T23:59:59.999Z,2024-01-07T14:09:00.000Z,2024-01-07T23:45:00.000Z,2781,43998.4642425627,44495.5714707771,43662.2286270794,43943.0972289695,19330573863.32,860951836726.3,2024-01-07T23:59:59.999Z
2024-01-06T00:00:00.000Z,2024-01-06T23:59:59.999Z,2024-01-06T00:10:00.000Z,2024-01-06T07:07:00.000Z,2781,44178.9546068436,44227.6313072794,43475.1564305872,43989.1940934574,16092503467.55,861821994190.94,2024-01-06T23:59:59.999Z
2024-01-05T00:00:00.000Z,2024-01-05T23:59:59.999Z,2024-01-05T23:07:00.000Z,2024-01-05T01:49:00.000Z,2781,44192.9786987717,44353.2858592993,42784.7182659068,44162.6916302269,32336029346.8,865182724165.6,2024-01-05T23:59:59.999Z
2024-01-04T00:00:00.000Z,2024-01-04T23:59:59.999Z,2024-01-04T22:22:00.000Z,2024-01-04T01:26:00.000Z,2781,42855.8147613589,44770.0234137515,42675.174006958,44179.9217008268,30448091209.81,865482457123.12,2024-01-04T23:59:59.999Z
2024-01-03T00:00:00.000Z,2024-01-03T23:59:59.999Z,2024-01-03T09:40:00.000Z,2024-01-03T12:10:00.000Z,2781,44961.6031868025,45503.2417949492,40813.5348681668,42848.1756409655,46342323118.41,839345928378.25,2024-01-03T23:59:59.999Z
2024-01-02T00:00:00.000Z,2024-01-02T23:59:59.999Z,2024-01-02T09:07:00.000Z,2024-01-02T00:01:00.000Z,2781,44187.1390394876,45899.7063545898,44176.9504427245,44957.9700541418,39335274535.93,880631637169.92,2024-01-02T23:59:59.999Z
2024-01-01T00:00:00.000Z,2024-01-01T23:59:59.999Z,2024-01-01T23:53:00.000Z,2024-01-01T06:02:00.000Z,2781,42280.2352761923,44175.4360525169,42214.9767546307,44167.3302140774,18426978443.25,865106026911.1,2024-01-01T23:59:59.999Z
2023-12-31T00:00:00.000Z,2023-12-31T23:59:59.999Z,2023-12-31T09:46:00.000Z,2023-12-31T02:53:00.000Z,2781,42152.0984535163,42860.9373917843,41998.2553456874,42265.185654866,16397498809.56,827811209384.42,2023-12-31T23:59:59.999Z
2023-12-30T00:00:00.000Z,2023-12-30T23:59:59.999Z,2023-12-30T16:18:00.000Z,2023-12-30T09:45:00.000Z,2781,42091.7526436775,42584.1236395343,41556.225992296,42156.9011497639,16013925944.56,825646829609.94,2023-12-30T23:59:59.999Z
2023-12-29T00:00:00.000Z,2023-12-29T23:59:59.999Z,2023-12-29T14:43:00.000Z,2023-12-29T22:21:00.000Z,2781,42614.6438924239,43124.3258597128,41424.0606411494,42099.40280858,26000021055.12,824484176968.87,2023-12-29T23:59:59.999Z
2023-12-28T00:00:00.000Z,2023-12-28T23:59:59.999Z,2023-12-28T00:39:00.000Z,2023-12-28T16:28:00.000Z,2781,43468.1980626735,43804.7814175761,42318.5488619045,42627.8535313684,22992093013.71,834791614273.2,2023-12-28T23:59:59.999Z
2023-12-27T00:00:00.000Z,2023-12-27T23:59:59.999Z,2023-12-27T22:18:00.000Z,2023-12-27T03:34:00.000Z,2781,42518.4685280916,43683.1598081313,42167.5834863898,43442.8545582321,25260941031.66,850720785457.95,2023-12-27T23:59:59.999Z
2023-12-26T00:00:00.000Z,2023-12-26T23:59:59.999Z,2023-12-26T00:01:00.000Z,2023-12-26T17:40:00.000Z,2781,43599.8475904194,43603.1754416663,41676.4899684567,42520.4015112687,30026850981.84,832620130497.96,2023-12-26T23:59:59.999Z
2023-12-25T00:00:00.000Z,2023-12-25T23:59:59.999Z,2023-12-25T13:03:00.000Z,2023-12-25T00:44:00.000Z,2781,43010.5729205333,43765.0921434755,42765.7711390539,43613.1420846622,21115795370.27,853982087896.47,2023-12-25T23:59:59.999Z
2023-12-24T00:00:00.000Z,2023-12-24T23:59:59.999Z,2023-12-24T04:13:00.000Z,2023-12-24T22:17:00.000Z,2781,43728.3659896895,43945.5215615407,42786.9178556284,43016.1176211831,18830554084.77,842253948410.3,2023-12-24T23:59:59.999Z
2023-12-23T00:00:00.000Z,2023-12-23T23:59:59.999Z,2023-12-23T00:02:00.000Z,2023-12-23T04:13:00.000Z,2781,44012.1986320734,44015.6986411337,43351.3557019809,43739.5421372235,13507796558.22,856371815373.69,2023-12-23T23:59:59.999Z
2023-12-22T00:00:00.000Z,2023-12-22T23:59:59.999Z,2023-12-22T06:35:00.000Z,2023-12-22T14:30:00.000Z,2781,43868.9864223563,44367.9557717841,43441.9679523025,43997.9014099549,21028503216.23,861384314118.89,2023-12-22T23:59:59.999Z
2023-12-21T00:00:00.000Z,2023-12-21T23:59:59.999Z,2023-12-21T13:56:00.000Z,2023-12-21T02:51:00.000Z,2781,43648.1249306302,44240.6691278117,43330.0526463835,43869.1508569937,22452766168.52,858819785954.74,2023-12-21T23:59:59.999Z
2023-12-20T00:00:00.000Z,2023-12-20T23:59:59.999Z,2023-12-20T15:15:00.000Z,2023-12-20T02:09:00.000Z,2781,42261.3001386457,44275.5875124813,42223.81786147,43652.2486680177,27868908174.14,854532316613.74,2023-12-20T23:59:59.999Z
2023-12-19T00:00:00.000Z,2023-12-19T23:59:59.999Z,2023-12-19T02:01:00.000Z,2023-12-19T17:59:00.000Z,2781,42641.5102132607,43354.2965965116,41826.3351516884,42270.526139511,23171001281.0,827447113190.4,2023-12-19T23:59:59.999Z
2023-12-18T00:00:00.000Z,2023-12-18T23:59:59.999Z,2023-12-18T21:49:00.000Z,2023-12-18T10:38:00.000Z,2781,41348.2020891569,42720.2971272287,40530.2585192877,42623.5383250276,25224642007.51,834312073585.64,2023-12-18T23:59:59.999Z
2023-12-17T00:00:00.000Z,2023-12-17T23:59:59.999Z,2023-12-17T17:15:00.000Z,2023-12-17T23:38:00.000Z,2781,42236.1083449133,42359.4961190853,41274.5435178846,41364.665918237,16678702876.0,809628537784.36,2023-12-17T23:59:59.999Z
2023-12-16T00:00:00.000Z,2023-12-16T23:59:59.999Z,2023-12-16T16:45:00.000Z,2023-12-16T00:40:00.000Z,2781,41937.7409680042,42664.9451355563,41723.1134662413,42240.1190820501,14386729589.96,826722808111.63,2023-12-16T23:59:59.999Z
2023-12-15T00:00:00.000Z,2023-12-15T23:59:59.999Z,2023-12-15T00:30:00.000Z,2023-12-15T15:47:00.000Z,2781,43028.2506905271,43087.823772867,41692.9680383251,41929.758392901,19639442461.7,820610949396.45,2023-12-15T23:59:59.999Z
2023-12-14T00:00:00.000Z,2023-12-14T23:59:59.999Z,2023-12-14T17:49:00.000Z,2023-12-14T13:31:00.000Z,2781,42884.262691725,43390.8603735018,41767.0905401243,43023.9719741933,25578530177.94,841983433932.16,2023-12-14T23:59:59.999Z
2023-12-13T00:00:00.000Z,2023-12-13T23:59:59.999Z,2023-12-13T22:16:00.000Z,2023-12-13T04:21:00.000Z,2781,41468.4658620962,43429.7806213337,40676.8681612393,42890.7407335901,26797884673.86,839333709178.59,2023-12-13T23:59:59.999Z
2023-12-12T00:00:00.000Z,2023-12-12T23:59:59.999Z,2023-12-12T08:49:00.000Z,2023-12-12T18:00:00.000Z,2781,41238.7333899751,42048.3037818572,40667.5618509577,41450.2221904665,24779520131.83,811106735270.16,2023-12-12T23:59:59.999Z
2023-12-11T00:00:00.000Z,2023-12-11T23:59:59.999Z,2023-12-11T00:10:00.000Z,2023-12-11T19:42:00.000Z,2781,43792.0178583651,43808.3730556685,40234.5783345331,41243.833314624,40632672038.1,807028644888.58,2023-12-11T23:59:59.999Z
2023-12-10T00:00:00.000Z,2023-12-10T23:59:59.999Z,2023-12-10T21:10:00.000Z,2023-12-10T23:22:00.000Z,2781,43728.3834800905,44034.6249687773,43593.2837953064,43779.6972879957,13000481418.42,856608048216.73,2023-12-10T23:59:59.999Z
2023-12-09T00:00:00.000Z,2023-12-09T23:59:59.999Z,2023-12-09T05:31:00.000Z,2023-12-09T23:36:00.000Z,2781,44180.0209431358,44361.2573501547,43627.5971803905,43725.9858124315,17368210171.26,855518589113.84,2023-12-09T23:59:59.999Z
2023-12-08T00:00:00.000Z,2023-12-08T23:59:59.999Z,2023-12-08T21:26:00.000Z,2023-12-08T10:21:00.000Z,2781,43293.1349473961,44705.5150094178,43125.2951035043,44166.6006381823,24421116686.73,864097723185.33,2023-12-08T23:59:59.999Z
2023-12-07T00:00:00.000Z,2023-12-07T23:59:59.999Z,2023-12-07T04:40:00.000Z,2023-12-07T09:28:00.000Z,2781,43769.1310742455,44042.5880240247,42880.650128739,43292.664239208,27635760670.97,846962790499.37,2023-12-07T23:59:59.999Z
2023-12-06T00:00:00.000Z,2023-12-06T23:59:59.999Z,2023-12-06T14:29:00.000Z,2023-12-06T11:35:00.000Z,2781,44080.0242501869,44265.7704026223,43478.0813159423,43746.4453572592,29909761585.63,855807598358.2,2023-12-06T23:59:59.999Z
2023-12-05T00:00:00.000Z,2023-12-05T23:59:59.999Z,2023-12-05T22:30:00.000Z,2023-12-05T07:45:00.000Z,2781,41986.264347015,44408.6657350926,41421.1473852755,44080.6479510633,36312154534.7,862310043283.5,2023-12-05T23:59:59.999Z
2023-12-04T00:00:00.000Z,2023-12-04T23:59:59.999Z,2023-12-04T22:20:00.000Z,2023-12-04T00:00:00.000Z,2781,39978.6286477951,42371.7494405891,39978.6286477951,41980.099479768,39856129826.57,821180324321.75,2023-12-04T23:59:59.999Z
2023-12-03T00:00:00.000Z,2023-12-03T23:59:59.999Z,2023-12-03T23:11:00.000Z,2023-12-03T03:13:00.000Z,2781,39472.2074711724,40135.6048969089,39298.1655236638,39978.3918165449,15769696321.58,781986059221.04,2023-12-03T23:59:59.999Z
2023-12-02T00:00:00.000Z,2023-12-02T23:59:59.999Z,2023-12-02T21:54:00.000Z,2023-12-02T00:32:00.000Z,2781,38689.2786171684,39678.9372866006,38652.5956762182,39476.3332803722,15534035611.94,772125221563.13,2023-12-02T23:59:59.999Z
2023-12-01T00:00:00.000Z,2023-12-01T23:59:59.999Z,2023-12-01T16:35:00.000Z,2023-12-01T00:28:00.000Z,2781,37718.0096264496,38954.1104267705,37629.3589120492,38688.7483611912,23512784001.94,756690015947.53,2023-12-01T23:59:59.999Z
2023-11-30T00:00:00.000Z,2023-11-30T23:59:59.999Z,2023-11-30T04:16:00.000Z,2023-11-30T15:50:00.000Z,2781,37861.1188827035,38141.753547202,37531.1416285477,37712.7477716325,18115982627.42,737560917365.82,2023-11-30T23:59:59.999Z
2023-11-29T00:00:00.000Z,2023-11-29T23:59:59.999Z,2023-11-29T08:58:00.000Z,2023-11-29T15:14:00.000Z,2781,37826.105521743,38366.1129965833,37612.6316233579,37858.4940548249,20728546657.66,740379866134.15,2023-11-29T23:59:59.999Z
2023-11-28T00:00:00.000Z,2023-11-28T23:59:59.999Z,2023-11-28T19:43:00.000Z,2023-11-28T05:39:00.000Z,2781,37247.9911748235,38368.4799548652,36891.0893619888,37831.08686845,21696137014.15,739813120655.74,2023-11-28T23:59:59.999Z
2023-11-27T00:00:00.000Z,2023-11-27T23:59:59.999Z,2023-11-27T01:08:00.000Z,2023-11-27T16:02:00.000Z,2781,37454.1919552581,37559.3545503467,36750.127104535,37254.1688542494,19002925719.53,728495474098.44,2023-11-27T23:59:59.999Z
2023-11-26T00:00:00.000Z,2023-11-26T23:59:59.999Z,2023-11-26T08:35:00.000Z,2023-11-26T17:02:00.000Z,2781,37796.8288643375,37820.3013424636,37162.7491535169,37479.1222936619,13744796068.31,732864171270.83,2023-11-26T23:59:59.999Z
2023-11-25T00:00:00.000Z,2023-11-25T23:59:59.999Z,2023-11-25T20:05:00.000Z,2023-11-25T11:44:00.000Z,2781,37721.4134479349,37892.4299655735,37617.4168346315,37796.792344848,9099571165.44,739040907499.57,2023-11-25T23:59:59.999Z
2023-11-24T00:00:00.000Z,2023-11-24T23:59:59.999Z,2023-11-24T15:41:00.000Z,2023-11-24T00:14:00.000Z,2781,37296.3168330161,38415.3381982376,37261.6060502206,37720.2811521398,22922957822.74,737506220401.3,2023-11-24T23:59:59.999Z
2023-11-23T00:00:00.000Z,2023-11-23T23:59:59.999Z,2023-11-23T10:00:00.000Z,2023-11-23T15:55:00.000Z,2781,37420.4338755699,37643.918419055,36923.8643638084,37289.6206606291,14214948217.22,729048665033.17,2023-11-23T23:59:59.999Z
2023-11-22T00:00:00.000Z,2023-11-22T23:59:59.999Z,2023-11-22T21:32:00.000Z,2023-11-22T00:01:00.000Z,2781,35756.5532577388,37856.9799117719,35670.9718775193,37432.3383067227,24397247860.33,731805245915.84,2023-11-22T23:59:59.999Z
2023-11-21T00:00:00.000Z,2023-11-21T23:59:59.999Z,2023-11-21T02:01:00.000Z,2023-11-21T23:59:00.000Z,2781,37469.1597071434,37631.1396417926,35813.8113636295,35813.8113636295,25172163755.87,700129319722.62,2023-11-21T23:59:59.999Z
2023-11-20T00:00:00.000Z,2023-11-20T23:59:59.999Z,2023-11-20T17:52:00.000Z,2023-11-20T14:12:00.000Z,2781,37374.0746847021,37756.8192892406,36882.5319812888,37476.9558592879,20888209067.56,732607478252.01,2023-11-20T23:59:59.999Z
2023-11-19T00:00:00.000Z,2023-11-19T23:59:59.999Z,2023-11-19T23:43:00.000Z,2023-11-19T14:16:00.000Z,2781,36585.7656994176,37509.3562598784,36414.5982759999,37386.547774872,12915986552.51,730802775303.56,2023-11-19T23:59:59.999Z
2023-11-18T00:00:00.000Z,2023-11-18T23:59:59.999Z,2023-11-18T16:13:00.000Z,2023-11-18T07:05:00.000Z,2781,36625.3714763297,36839.2828685121,36233.3117312511,36585.7029298644,11886022717.42,715107332423.29,2023-11-18T23:59:59.999Z
2023-11-17T00:00:00.000Z,2023-11-17T23:59:59.999Z,2023-11-17T23:09:00.000Z,2023-11-17T14:56:00.000Z,2781,36164.8236042335,36704.4828037394,35901.2355630271,36596.6819231214,22445028429.93,715288296429.98,2023-11-17T23:59:59.999Z
2023-11-16T00:00:00.000Z,2023-11-16T23:59:59.999Z,2023-11-16T00:07:00.000Z,2023-11-16T19:40:00.000Z,2781,37879.9799370366,37934.625198059,35545.473342881,36154.7692413685,26007385365.73,706617161805.01,2023-11-16T23:59:59.999Z
2023-11-15T00:00:00.000Z,2023-11-15T23:59:59.999Z,2023-11-15T23:57:00.000Z,2023-11-15T02:20:00.000Z,2781,35548.1127933703,37964.8928323147,35383.7809668933,37880.5831724307,27365821678.5,740312548128.35,2023-11-15T23:59:59.999Z
2023-11-14T00:00:00.000Z,2023-11-14T23:59:59.999Z,2023-11-14T08:19:00.000Z,2023-11-14T18:54:00.000Z,2781,36491.787577554,36753.3521876241,34948.5002761446,35537.6405155251,23857403554.48,694491212462.29,2023-11-14T23:59:59.999Z
2023-11-13T00:00:00.000Z,2023-11-13T23:59:59.999Z,2023-11-13T01:18:00.000Z,2023-11-13T21:37:00.000Z,2781,37070.3058713039,37405.1152995046,36399.6051113486,36502.3573373281,19057712790.07,713311947480.48,2023-11-13T23:59:59.999Z
2023-11-12T00:00:00.000Z,2023-11-12T23:59:59.999Z,2023-11-12T15:46:00.000Z,2023-11-12T00:50:00.000Z,2781,37133.9908846586,37227.6925577401,36779.1165342627,37054.5201429095,11545715998.89,724074263172.69,2023-11-12T23:59:59.999Z
2023-11-11T00:00:00.000Z,2023-11-11T23:59:59.999Z,2023-11-11T00:30:00.000Z,2023-11-11T22:15:00.000Z,2781,37310.070760187,37407.0932751349,36773.6664564109,37138.0505408954,13924272141.51,725668445884.77,2023-11-11T23:59:59.999Z
2023-11-10T00:00:00.000Z,2023-11-10T23:59:59.999Z,2023-11-10T23:17:00.000Z,2023-11-10T08:19:00.000Z,2781,36702.2518583303,37493.8013005562,36362.7552276005,37313.9696874571,22711265155.03,729069481963.87,2023-11-10T23:59:59.999Z
2023-11-09T00:00:00.000Z,2023-11-09T23:59:59.999Z,2023-11-09T14:54:00.000Z,2023-11-09T00:07:00.000Z,2781,35633.6343938602,37926.2567969959,35592.1032519349,36693.1236338431,37762672381.84,716902433922.7,2023-11-09T23:59:59.999Z
2023-11-08T00:00:00.000Z,2023-11-08T23:59:59.999Z,2023-11-08T23:46:00.000Z,2023-11-08T15:26:00.000Z,2781,35419.4767171176,35994.4165314881,35147.8008053808,35655.2760812313,17295394917.86,696595346035.22,2023-11-08T23:59:59.999Z
2023-11-07T00:00:00.000Z,2023-11-07T23:59:59.999Z,2023-11-07T20:58:00.000Z,2023-11-07T12:13:00.000Z,2781,35047.7936330374,35892.4163695816,34545.8150953191,35443.5613607149,18834737788.75,692425627404.3,2023-11-07T23:59:59.999Z
2023-11-06T00:00:00.000Z,2023-11-06T23:59:59.999Z,2023-11-06T10:40:00.000Z,2023-11-06T05:31:00.000Z,2781,35044.7899191289,35286.0268268344,34765.3648471006,35037.3694407199,12693436419.5,684460477854.1,2023-11-06T23:59:59.999Z
2023-11-05T00:00:00.000Z,2023-11-05T23:59:59.999Z,2023-11-05T23:05:00.000Z,2023-11-05T21:53:00.000Z,2781,35090.013021366,35340.3397190718,34594.2425771252,35049.3559240236,12412743995.66,684667682720.63,2023-11-05T23:59:59.999Z
2023-11-04T00:00:00.000Z,2023-11-04T23:59:59.999Z,2023-11-04T23:09:00.000Z,2023-11-04T05:11:00.000Z,2781,34736.3234106715,35256.032746518,34616.6933359046,35082.1972208526,9561294263.72,685272381015.38,2023-11-04T23:59:59.999Z
2023-11-03T00:00:00.000Z,2023-11-03T23:59:59.999Z,2023-11-03T00:00:00.000Z,2023-11-03T10:20:00.000Z,2781,34942.474318143,34942.474318143,34133.4396153842,34732.3255842841,17158456701.46,678402411403.87,2023-11-03T23:59:59.999Z
2023-11-02T00:00:00.000Z,2023-11-02T23:59:59.999Z,2023-11-02T02:51:00.000Z,2023-11-02T16:32:00.000Z,2781,35441.5773850879,35919.8436017766,34401.5749059473,34938.2423951435,20998158544.23,682394289860.93,2023-11-02T23:59:59.999Z
2023-11-01T00:00:00.000Z,2023-11-01T23:59:59.999Z,2023-11-01T21:05:00.000Z,2023-11-01T14:57:00.000Z,2781,34657.275324496,35527.9315607675,34170.6925900981,35437.2531810872,22446272004.73,692109682986.45,2023-11-01T23:59:59.999Z
2023-10-31T00:00:00.000Z,2023-10-31T23:59:59.999Z,2023-10-31T21:21:00.000Z,2023-10-31T08:07:00.000Z,2781,34500.077738405,34719.2540492146,34083.3094592027,34667.7793605467,15758270810.39,677047621125.28,2023-10-31T23:59:59.999Z
2023-10-30T00:00:00.000Z,2023-10-30T23:59:59.999Z,2023-10-30T14:23:00.000Z,2023-10-30T17:20:00.000Z,2781,34531.7413739892,34843.9354996506,34110.97396275,34502.3646632352,17184860315.15,673783741121.58,2023-10-30T23:59:59.999Z
2023-10-29T00:00:00.000Z,2023-10-29T23:59:59.999Z,2023-10-29T18:31:00.000Z,2023-10-29T04:05:00.000Z,2781,34089.3717393188,34743.2624156324,33947.5671779426,34538.4820881103,11160323986.4,674455804209.68,2023-10-29T23:59:59.999Z
2023-10-28T00:00:00.000Z,2023-10-28T23:59:59.999Z,2023-10-28T11:22:00.000Z,2023-10-28T01:38:00.000Z,2781,33907.7236538604,34399.3889776255,33874.80478364,34089.5758722222,10160330824.97,665660534679.17,2023-10-28T23:59:59.999Z
2023-10-27T00:00:00.000Z,2023-10-27T23:59:59.999Z,2023-10-27T07:00:00.000Z,2023-10-27T18:32:00.000Z,2781,34156.5006862458,34238.2107710298,33416.8854859996,33909.7992843111,16418032871.14,662115721497.01,2023-10-27T23:59:59.999Z
2023-10-26T00:00:00.000Z,2023-10-26T23:59:59.999Z,2023-10-26T03:43:00.000Z,2023-10-26T17:02:00.000Z,2781,34504.2874223132,34832.9085401984,33762.3232894547,34156.6498283887,19427195375.76,666904079221.52,2023-10-26T23:59:59.999Z
2023-10-25T00:00:00.000Z,2023-10-25T23:59:59.999Z,2023-10-25T16:17:00.000Z,2023-10-25T07:47:00.000Z,2781,33916.0440547641,35133.7575692805,33709.1103099721,34502.8208915452,25254318008.32,673629831821.37,2023-10-25T23:59:59.999Z
2023-10-24T00:00:00.000Z,2023-10-24T23:59:59.999Z,2023-10-24T02:27:00.000Z,2023-10-24T00:09:00.000Z,2781,33077.3039477251,35150.4334987547,32880.7617303701,33901.5265633635,44934999644.84,661859706505.71,2023-10-24T23:59:59.999Z
2023-10-23T00:00:00.000Z,2023-10-23T23:59:59.999Z,2023-10-23T22:43:00.000Z,2023-10-23T01:03:00.000Z,2781,30140.6848629718,34370.4387694494,30097.8287422783,33086.2329685778,38363572311.35,645916652811.37,2023-10-23T23:59:59.999Z
2023-10-22T00:00:00.000Z,2023-10-22T23:59:59.999Z,2023-10-22T06:13:00.000Z,2023-10-22T07:41:00.000Z,2781,29918.6550353499,30199.433111792,29720.3134496158,29993.896524372,10446520039.78,585517392721.71,2023-10-22T23:59:59.999Z
2023-10-21T00:00:00.000Z,2023-10-21T23:59:59.999Z,2023-10-21T18:02:00.000Z,2023-10-21T03:13:00.000Z,2781,29683.3818172183,30287.4816486504,29481.752314224,29918.4116679289,11541146995.56,584015234381.83,2023-10-21T23:59:59.999Z
2023-10-20T00:00:00.000Z,2023-10-20T23:59:59.999Z,2023-10-20T10:41:00.000Z,2023-10-20T01:13:00.000Z,2781,28732.8115476298,30104.0856129743,28601.6701571248,29682.9492736036,21536125230.44,579392054001.41,2023-10-20T23:59:59.999Z
2023-10-19T00:00:00.000Z,2023-10-19T23:59:59.999Z,2023-10-19T16:25:00.000Z,2023-10-19T01:47:00.000Z,2781,28332.4153057225,28892.4736768208,28177.987543782,28719.8061329065,14448058194.96,560568426319.13,2023-10-19T23:59:59.999Z
2023-10-18T00:00:00.000Z,2023-10-18T23:59:59.999Z,2023-10-18T04:58:00.000Z,2023-10-18T14:38:00.000Z,2781,28413.5308076905,28889.0095891567,28174.2525509513,28328.3411519926,12724128585.67,552901231268.14,2023-10-18T23:59:59.999Z
2023-10-17T00:00:00.000Z,2023-10-17T23:59:59.999Z,2023-10-17T17:01:00.000Z,2023-10-17T04:08:00.000Z,2781,28522.0981659193,28618.7523898295,28110.186117224,28415.7481397071,14872527507.52,554581972707.2,2023-10-17T23:59:59.999Z
2023-10-16T00:00:00.000Z,2023-10-16T23:59:59.999Z,2023-10-16T13:33:00.000Z,2023-10-16T00:46:00.000Z,2781,27162.6282288816,29448.1390371439,27130.4734781668,28519.466679449,27833876539.05,556577526992.93,2023-10-16T23:59:59.999Z
2023-10-15T00:00:00.000Z,2023-10-15T23:59:59.999Z,2023-10-15T22:12:00.000Z,2023-10-15T13:06:00.000Z,2781,26858.0117256917,27289.1703193981,26817.8940104817,27159.6529187802,7098201979.78,530017041635.81,2023-10-15T23:59:59.999Z
2023-10-14T00:00:00.000Z,2023-10-14T23:59:59.999Z,2023-10-14T03:38:00.000Z,2023-10-14T21:30:00.000Z,2781,26866.2032449465,26968.9992181773,26814.5865862464,26861.7062025597,5388116781.76,524174123665.75,2023-10-14T23:59:59.999Z
2023-10-13T00:00:00.000Z,2023-10-13T23:59:59.999Z,2023-10-13T21:03:00.000Z,2023-10-13T17:35:00.000Z,2781,26752.8795584136,27092.6967461244,26686.3223094419,26862.3754456225,15165312851.42,524162174273.51,2023-10-13T23:59:59.999Z
2023-10-12T00:00:00.000Z,2023-10-12T23:59:59.999Z,2023-10-12T02:55:00.000Z,2023-10-12T17:36:00.000Z,2781,26873.2924913908,26921.4389028815,26558.320783999,26756.7986388286,9392909295.17,522077986120.86,2023-10-12T23:59:59.999Z
2023-10-11T00:00:00.000Z,2023-10-11T23:59:59.999Z,2023-10-11T01:11:00.000Z,2023-10-11T17:50:00.000Z,2781,27392.0755460815,27474.1161865287,26561.099365503,26873.3211207589,13648094333.06,524325019033.96,2023-10-11T23:59:59.999Z
2023-10-10T00:00:00.000Z,2023-10-10T23:59:59.999Z,2023-10-10T08:34:00.000Z,2023-10-10T18:59:00.000Z,2781,27589.2011015988,27715.8483474204,27301.655078145,27391.0195174366,9973350678.17,534398434701.94,2023-10-10T23:59:59.999Z
2023-10-09T00:00:00.000Z,2023-10-09T23:59:59.999Z,2023-10-09T01:54:00.000Z,2023-10-09T16:46:00.000Z,2781,27934.4721623395,27989.4709019697,27302.5619189233,27583.6785949548,12007668568.18,538127916933.08,2023-10-09T23:59:59.999Z
2023-10-08T00:00:00.000Z,2023-10-08T23:59:59.999Z,2023-10-08T03:45:00.000Z,2023-10-08T13:16:00.000Z,2781,27971.6781072086,28102.1703909258,27740.6630244878,27935.0895806612,7916875289.67,544957531993.92,2023-10-08T23:59:59.999Z
2023-10-07T00:00:00.000Z,2023-10-07T23:59:59.999Z,2023-10-07T09:02:00.000Z,2023-10-07T00:27:00.000Z,2781,27946.781632977,28028.0920869055,27870.4234580531,27968.8388707898,6553044316.48,545589873920.51,2023-10-07T23:59:59.999Z
2023-10-06T00:00:00.000Z,2023-10-06T23:59:59.999Z,2023-10-06T21:39:00.000Z,2023-10-06T13:01:00.000Z,2781,27412.1224236917,28252.5375699066,27215.5524462077,27946.5967799289,13492391598.97,545126652148.46,2023-10-06T23:59:59.999Z
2023-10-05T00:00:00.000Z,2023-10-05T23:59:59.999Z,2023-10-05T14:21:00.000Z,2023-10-05T17:21:00.000Z,2781,27798.6471269996,28091.8612370672,27375.6014238251,27415.9119821677,11877253669.95,534747363212.19,2023-10-05T23:59:59.999Z
2023-10-04T00:00:00.000Z,2023-10-04T23:59:59.999Z,2023-10-04T19:12:00.000Z,2023-10-04T00:41:00.000Z,2781,27429.074995009,27826.6579481943,27248.1062465564,27799.3940958796,11143355313.54,542203190963.03,2023-10-04T23:59:59.999Z
2023-10-03T00:00:00.000Z,2023-10-03T23:59:59.999Z,2023-10-03T06:52:00.000Z,2023-10-03T20:07:00.000Z,2781,27508.2518188075,27667.1920311533,27216.0013225348,27429.9790166632,11407814186.59,534975274335.57,2023-10-03T23:59:59.999Z
2023-10-02T00:00:00.000Z,2023-10-02T23:59:59.999Z,2023-10-02T14:00:00.000Z,2023-10-02T21:55:00.000Z,2781,27976.7991520291,28494.4596384314,27347.7875796333,27530.784889745,19793041321.84,536912579985.45,2023-10-02T23:59:59.999Z
2023-10-01T00:00:00.000Z,2023-10-01T23:59:59.999Z,2023-10-01T22:34:00.000Z,2023-10-01T00:34:00.000Z,2781,26967.3974331494,28047.2377100269,26965.0942923201,27983.7503817847,9503917434.43,545719315434.05,2023-10-01T23:59:59.999Z
2023-09-30T00:00:00.000Z,2023-09-30T23:59:59.999Z,2023-09-30T15:47:00.000Z,2023-09-30T02:35:00.000Z,2781,26911.6891847171,27091.7955078372,26888.9678037149,26967.9163010637,5331172801.03,525885640459.76,2023-09-30T23:59:59.999Z
2023-09-29T00:00:00.000Z,2023-09-29T23:59:59.999Z,2023-09-29T07:40:00.000Z,2023-09-29T14:10:00.000Z,2781,27024.8417139356,27225.9384299173,26721.762796688,26911.7216027656,10396435377.43,524766460979.21,2023-09-29T23:59:59.999Z
2023-09-28T00:00:00.000Z,2023-09-28T23:59:59.999Z,2023-09-28T16:27:00.000Z,2023-09-28T03:12:00.000Z,2781,26355.812394562,27259.4992234082,26327.3217124363,27021.5467647385,14079002707.33,526883682824.27,2023-09-28T23:59:59.999Z
2023-09-27T00:00:00.000Z,2023-09-27T23:59:59.999Z,2023-09-27T12:04:00.000Z,2023-09-27T18:08:00.000Z,2781,26209.498349443,26817.8423152758,26111.4643819932,26352.7176189088,11718380997.24,513818515485.06,2023-09-27T23:59:59.999Z
2023-09-26T00:00:00.000Z,2023-09-26T23:59:59.999Z,2023-09-26T03:43:00.000Z,2023-09-26T15:48:00.000Z,2781,26294.7586727413,26389.8847847517,26090.7124028396,26217.2493357507,9985498161.06,511151155986.8,2023-09-26T23:59:59.999Z
2023-09-25T00:00:00.000Z,2023-09-25T23:59:59.999Z,2023-09-25T20:17:00.000Z,2023-09-25T12:23:00.000Z,2781,26253.7752994376,26421.5083555994,26011.4696157754,26298.4795511748,11997833256.53,512712185601.52,2023-09-25T23:59:59.999Z
2023-09-24T00:00:00.000Z,2023-09-24T23:59:59.999Z,2023-09-24T18:06:00.000Z,2023-09-24T23:29:00.000Z,2781,26579.3739860713,26716.0584624373,26221.050004588,26256.8257867445,8192867685.97,511876976253.54,2023-09-24T23:59:59.999Z
2023-09-23T00:00:00.000Z,2023-09-23T23:59:59.999Z,2023-09-23T18:18:00.000Z,2023-09-23T04:06:00.000Z,2781,26578.5559271151,26634.1859848479,26520.5198304857,26579.3897405605,7404700300.94,518140112048.32,2023-09-23T23:59:59.999Z
2023-09-22T00:00:00.000Z,2023-09-22T23:59:59.999Z,2023-09-22T08:13:00.000Z,2023-09-22T00:28:00.000Z,2781,26564.0561677608,26726.0780348598,26495.5324127361,26579.5686371325,10578746708.52,518118003343.51,2023-09-22T23:59:59.999Z
2023-09-21T00:00:00.000Z,2023-09-21T23:59:59.999Z,2023-09-21T00:47:00.000Z,2023-09-21T14:01:00.000Z,2781,27129.8400209459,27152.9385802242,26389.3002858724,26567.6329044034,13371443707.65,517864270862.51,2023-09-21T23:59:59.999Z
2023-09-20T00:00:00.000Z,2023-09-20T23:59:59.999Z,2023-09-20T02:04:00.000Z,2023-09-20T19:20:00.000Z,2781,27210.2284915397,27379.5060737309,26864.0823200663,27132.0073401285,13281116603.72,528841974545.7,2023-09-20T23:59:59.999Z
2023-09-19T00:00:00.000Z,2023-09-19T23:59:59.999Z,2023-09-19T15:37:00.000Z,2023-09-19T00:31:00.000Z,2781,26760.8510057672,27488.7638021952,26681.6057746944,27211.1178197241,13807690550.44,530358455132.04,2023-09-19T23:59:59.999Z
2023-09-18T00:00:00.000Z,2023-09-18T23:59:59.999Z,2023-09-18T13:04:00.000Z,2023-09-18T00:37:00.000Z,2781,26532.9947937991,27414.734259256,26415.5158457515,26754.2810377253,15615339654.79,521431894478.28,2023-09-18T23:59:59.999Z
2023-09-17T00:00:00.000Z,2023-09-17T23:59:59.999Z,2023-09-17T11:47:00.000Z,2023-09-17T01:12:00.000Z,2781,26567.9275830021,26617.997627579,26445.0751254567,26534.18751685,6774210669.73,517116820259.64,2023-09-17T23:59:59.999Z
2023-09-16T00:00:00.000Z,2023-09-16T23:59:59.999Z,2023-09-16T02:22:00.000Z,2023-09-16T10:05:00.000Z,2781,26606.1986522569,26754.7701833188,26473.8907765725,26568.2812876599,7402031416.6,517755173478.6,2023-09-16T23:59:59.999Z
2023-09-15T00:00:00.000Z,2023-09-15T23:59:59.999Z,2023-09-15T23:09:00.000Z,2023-09-15T15:00:00.000Z,2781,26533.8188377296,26840.4979252215,26240.7006254309,26608.6933649124,11479735788.3,518517274733.03,2023-09-15T23:59:59.999Z
2023-09-14T00:00:00.000Z,2023-09-14T23:59:59.999Z,2023-09-14T18:37:00.000Z,2023-09-14T05:55:00.000Z,2781,26228.2778603251,26774.6233565855,26171.4518522882,26539.6744424527,13811359124.32,517140816824.0,2023-09-14T23:59:59.999Z
2023-09-13T00:00:00.000Z,2023-09-13T23:59:59.999Z,2023-09-13T16:30:00.000Z,2023-09-13T00:07:00.000Z,2781,25837.5549632929,26376.1134693933,25781.1237276336,26228.3240875137,13072077070.22,511047406839.26,2023-09-13T23:59:59.999Z
2023-09-12T00:00:00.000Z,2023-09-12T23:59:59.999Z,2023-09-12T16:31:00.000Z,2023-09-12T01:40:00.000Z,2781,25160.6579251895,26451.9384975375,25133.0789086915,25833.3430604915,18657279324.05,503327969520.61,2023-09-12T23:59:59.999Z
2023-09-11T00:00:00.000Z,2023-09-11T23:59:59.999Z,2023-09-11T06:00:00.000Z,2023-09-11T20:02:00.000Z,2781,25831.7155007322,25883.9470027172,24930.2974941684,25162.6552722476,14600006466.65,490238023957.25,2023-09-11T23:59:59.999Z
2023-09-10T00:00:00.000Z,2023-09-10T23:59:59.999Z,2023-09-10T22:34:00.000Z,2023-09-10T19:41:00.000Z,2781,25895.2099714338,25978.1301676244,25640.2617077209,25832.2262469114,7899553047.41,503258420290.44,2023-09-10T23:59:59.999Z
2023-09-09T00:00:00.000Z,2023-09-09T23:59:59.999Z,2023-09-09T16:33:00.000Z,2023-09-09T13:43:00.000Z,2781,25905.4249124824,25921.976226367,25810.4950896881,25895.6782209584,5481314132.31,504470470462.72,2023-09-09T23:59:59.999Z
2023-09-08T00:00:00.000Z,2023-09-08T23:59:59.999Z,2023-09-08T00:58:00.000Z,2023-09-08T10:07:00.000Z,2781,26245.2082080784,26414.005974773,25677.4795806905,25905.6537515133,10817356399.67,504640503023.3,2023-09-08T23:59:59.999Z
2023-09-07T00:00:00.000Z,2023-09-07T23:59:59.999Z,2023-09-07T22:53:00.000Z,2023-09-07T14:01:00.000Z,2781,25748.3120094302,26409.3030110922,25608.201595679,26240.19489212,11088307100.27,511135039200.57,2023-09-07T23:59:59.999Z
2023-09-06T00:00:00.000Z,2023-09-06T23:59:59.999Z,2023-09-06T17:56:00.000Z,2023-09-06T17:06:00.000Z,2781,25783.930744879,25953.015656649,25404.3596799132,25753.2362583108,12752705326.81,501626995525.47,2023-09-06T23:59:59.999Z
2023-09-05T00:00:00.000Z,2023-09-05T23:59:59.999Z,2023-09-05T15:22:00.000Z,2023-09-05T03:24:00.000Z,2781,25814.9578079891,25858.3743125201,25589.9885855439,25779.9817949848,11094740039.8,502126527593.99,2023-09-05T23:59:59.999Z
2023-09-04T00:00:00.000Z,2023-09-04T23:59:59.999Z,2023-09-04T03:21:00.000Z,2023-09-04T22:01:00.000Z,2781,25968.1701334655,26081.5246051517,25657.0255672937,25812.4152686728,10680635105.81,502737261224.55,2023-09-04T23:59:59.999Z
2023-09-03T00:00:00.000Z,2023-09-03T23:59:59.999Z,2023-09-03T20:52:00.000Z,2023-09-03T16:41:00.000Z,2781,25869.4727927244,26087.1491647509,25817.0317984223,25969.5673526316,8962524522.99,505774022624.31,2023-09-03T23:59:59.999Z
2023-09-02T00:00:00.000Z,2023-09-02T23:59:59.999Z,2023-09-02T15:41:00.000Z,2023-09-02T03:22:00.000Z,2781,25800.9096091103,25970.284489312,25753.0938469384,25868.7981401932,10100387473.24,503786436420.87,2023-09-02T23:59:59.999Z
2023-09-01T00:00:00.000Z,2023-09-01T23:59:59.999Z,2023-09-01T12:24:00.000Z,2023-09-01T17:42:00.000Z,2781,25934.0208061586,26125.8697737206,25362.6091281569,25800.7243726077,17202862221.48,502435875823.55,2023-09-01T23:59:59.999Z
2023-08-31T00:00:00.000Z,2023-08-31T23:59:59.999Z,2023-08-31T11:43:00.000Z,2023-08-31T21:09:00.000Z,2781,27301.9293168046,27456.0790013622,25752.9299469294,25931.4728933574,20181001451.19,504957555550.64,2023-08-31T23:59:59.999Z
2023-08-30T00:00:00.000Z,2023-08-30T23:59:59.999Z,2023-08-30T00:21:00.000Z,2023-08-30T15:04:00.000Z,2781,27726.0840340273,27760.1593966037,27069.2074245836,27297.2653483206,16343655235.34,531528938704.34,2023-08-30T23:59:59.999Z
2023-08-29T00:00:00.000Z,2023-08-29T23:59:59.999Z,2023-08-29T16:28:00.000Z,2023-08-29T10:39:00.000Z,2781,26102.4858320026,28089.3380271543,25912.6289086749,27727.3930090424,29368391711.99,539882481562.26,2023-08-29T23:59:59.999Z
2023-08-28T00:00:00.000Z,2023-08-28T23:59:59.999Z,2023-08-28T12:29:00.000Z,2023-08-28T07:46:00.000Z,2781,26089.6149228858,26198.5790644484,25880.6002488905,26106.1500439649,11002805166.45,508288516574.2,2023-08-28T23:59:59.999Z
2023-08-27T00:00:00.000Z,2023-08-27T23:59:59.999Z,2023-08-27T17:02:00.000Z,2023-08-27T01:43:00.000Z,2781,26008.2418008294,26165.3724382761,25965.0975389949,26089.6934716635,6913768611.22,507949530130.7,2023-08-27T23:59:59.999Z
2023-08-26T00:00:00.000Z,2023-08-26T23:59:59.999Z,2023-08-26T02:17:00.000Z,2023-08-26T12:46:00.000Z,2781,26047.2352396372,26107.3842905801,25983.8782739266,26008.462659668,6034817316.31,506348824288.34,2023-08-26T23:59:59.999Z
2023-08-25T00:00:00.000Z,2023-08-25T23:59:59.999Z,2023-08-25T14:17:00.000Z,2023-08-25T14:57:00.000Z,2781,26163.6800536736,26248.1034276033,25786.8124616266,26047.6688510481,12406045117.51,507090156466.72,2023-08-25T23:59:59.999Z
2023-08-24T00:00:00.000Z,2023-08-24T23:59:59.999Z,2023-08-24T09:10:00.000Z,2023-08-24T17:39:00.000Z,2781,26431.5198924678,26554.9098173772,25914.9255589463,26162.3724949505,12871532023.01,509301597240.58,2023-08-24T23:59:59.999Z
2023-08-23T00:00:00.000Z,2023-08-23T23:59:59.999Z,2023-08-23T19:49:00.000Z,2023-08-23T13:13:00.000Z,2781,26040.473651602,26786.8976054909,25804.9981865296,26431.6399826996,16985265785.29,514519784075.08,2023-08-23T23:59:59.999Z
2023-08-22T00:00:00.000Z,2023-08-22T23:59:59.999Z,2023-08-22T00:11:00.000Z,2023-08-22T21:27:00.000Z,2781,26130.7480160416,26135.5082032906,25520.728490709,26031.6564794482,14503820706.42,506709265107.93,2023-08-22T23:59:59.999Z
2023-08-21T00:00:00.000Z,2023-08-21T23:59:59.999Z,2023-08-21T21:36:00.000Z,2023-08-21T15:29:00.000Z,2781,26188.6906508187,26220.2016841533,25846.0879702768,26124.141253131,13371557892.6,508487129875.96,2023-08-21T23:59:59.999Z
2023-08-20T00:00:00.000Z,2023-08-20T23:59:59.999Z,2023-08-20T20:45:00.000Z,2023-08-20T15:10:00.000Z,2781,26096.8612255003,26260.6809353842,26004.3152995916,26189.5846686604,9036580419.74,509733936200.2,2023-08-20T23:59:59.999Z
2023-08-19T00:00:00.000Z,2023-08-19T23:59:59.999Z,2023-08-19T17:00:00.000Z,2023-08-19T07:03:00.000Z,2781,26047.8329790106,26249.4483843828,25802.4078886004,26096.2045506881,10631443812.07,507889708783.63,2023-08-19T23:59:59.999Z
2023-08-18T00:00:00.000Z,2023-08-18T23:59:59.999Z,2023-08-18T00:13:00.000Z,2023-08-18T17:08:00.000Z,2781,26636.0784021093,26808.1957847269,25668.9228168459,26049.5569008807,24026236529.35,506957746773.53,2023-08-18T23:59:59.999Z
2023-08-17T00:00:00.000Z,2023-08-17T23:59:59.999Z,2023-08-17T00:15:00.000Z,2023-08-17T21:45:00.000Z,2781,28699.8028396574,28745.9465251714,25409.1116027686,26664.5499931202,31120851211.44,518904301900.92,2023-08-17T23:59:59.999Z
2023-08-16T00:00:00.000Z,2023-08-16T23:59:59.999Z,2023-08-16T02:06:00.000Z,2023-08-16T23:59:00.000Z,2781,29169.0740199163,29221.9757429755,28701.7795245305,28701.7795245305,14949271904.13,558522450868.28,2023-08-16T23:59:59.999Z
2023-08-15T00:00:00.000Z,2023-08-15T23:59:59.999Z,2023-08-15T15:04:00.000Z,2023-08-15T19:12:00.000Z,2781,29408.048589907,29439.1204218858,29088.8532768829,29170.3472059942,12640195779.03,567610646871.25,2023-08-15T23:59:59.999Z
2023-08-14T00:00:00.000Z,2023-08-14T23:59:59.999Z,2023-08-14T16:52:00.000Z,2023-08-14T02:22:00.000Z,2781,29283.262942771,29660.2543392724,29124.1055472393,29408.4425504032,14013695304.04,572212182981.53,2023-08-14T23:59:59.999Z
2023-08-13T00:00:00.000Z,2023-08-13T23:59:59.999Z,2023-08-13T03:00:00.000Z,2023-08-13T22:42:00.000Z,2781,29416.5935992443,29441.4333889142,29265.8075968834,29282.9143793982,7329897179.69,569738074810.23,2023-08-13T23:59:59.999Z
2023-08-12T00:00:00.000Z,2023-08-12T23:59:59.999Z,2023-08-12T16:35:00.000Z,2023-08-12T03:45:00.000Z,2781,29399.7866548487,29465.1137837459,29357.5879811121,29415.9645162195,6194358007.75,572302297645.31,2023-08-12T23:59:59.999Z
2023-08-11T00:00:00.000Z,2023-08-11T23:59:59.999Z,2023-08-11T14:48:00.000Z,2023-08-11T16:45:00.000Z,2781,29424.902574843,29517.7736682695,29253.5179877987,29397.7154970071,10195168196.66,571917121193.64,2023-08-11T23:59:59.999Z
2023-08-10T00:00:00.000Z,2023-08-10T23:59:59.999Z,2023-08-10T14:02:00.000Z,2023-08-10T17:33:00.000Z,2781,29563.9718365603,29688.5648164715,29354.4464357924,29429.5924885661,11865344788.64,572509489793.69,2023-08-10T23:59:59.999Z
2023-08-09T00:00:00.000Z,2023-08-09T23:59:59.999Z,2023-08-09T13:01:00.000Z,2023-08-09T20:06:00.000Z,2781,29766.695595898,30093.4351892124,29376.8005464538,29561.4945073243,18379521212.63,575052155346.9,2023-08-09T23:59:59.999Z
2023-08-08T00:00:00.000Z,2023-08-08T23:59:59.999Z,2023-08-08T21:22:00.000Z,2023-08-08T02:03:00.000Z,2781,29180.0188620852,30176.7962374838,29113.8144640675,29765.4926735622,17570561357.26,578990356568.61,2023-08-08T23:59:59.999Z
2023-08-07T00:00:00.000Z,2023-08-07T23:59:59.999Z,2023-08-07T21:31:00.000Z,2023-08-07T16:18:00.000Z,2781,29038.5128459431,29244.2808643985,28724.1405310678,29180.5789215225,13618163710.33,567589047795.07,2023-08-07T23:59:59.999Z
2023-08-06T00:00:00.000Z,2023-08-06T23:59:59.999Z,2023-08-06T21:20:00.000Z,2023-08-06T16:10:00.000Z,2781,29043.7019801631,29160.8215441502,28963.8346883068,29041.8561709403,7269806993.78,564864625278.2,2023-08-06T23:59:59.999Z
2023-08-05T00:00:00.000Z,2023-08-05T23:59:59.999Z,2023-08-05T00:48:00.000Z,2023-08-05T12:51:00.000Z,2781,29075.3889564763,29102.4656525949,28957.7976155422,29042.1261500756,6598366352.73,564840485745.58,2023-08-05T23:59:59.999Z
2023-08-04T00:00:00.000Z,2023-08-04T23:59:59.999Z,2023-08-04T13:49:00.000Z,2023-08-04T20:51:00.000Z,2781,29174.3818369773,29302.0782223191,28885.335399401,29074.0917277723,12036639987.62,565434912959.96,2023-08-04T23:59:59.999Z
2023-08-03T00:00:00.000Z,2023-08-03T23:59:59.999Z,2023-08-03T15:01:00.000Z,2023-08-03T08:27:00.000Z,2781,29161.8119457041,29375.7070279614,28959.4882089026,29178.678779687,12780357745.55,567446140509.39,2023-08-03T23:59:59.999Z
2023-08-02T00:00:00.000Z,2023-08-02T23:59:59.999Z,2023-08-02T01:33:00.000Z,2023-08-02T16:56:00.000Z,2781,29704.1468382002,29987.9971121967,28946.51037823,29151.9596891331,19212655598.47,566898832325.3,2023-08-02T23:59:59.999Z
2023-08-01T00:00:00.000Z,2023-08-01T23:59:59.999Z,2023-08-01T23:59:00.000Z,2023-08-01T15:31:00.000Z,2781,29230.8724049903,29675.7324980608,28657.0238197426,29675.7324980608,18272392391.28,577056102933.27,2023-08-01T23:59:59.999Z
2023-07-31T00:00:00.000Z,2023-07-31T23:59:59.999Z,2023-07-31T00:50:00.000Z,2023-07-31T20:05:00.000Z,2781,29278.3140543721,29489.8728687203,29131.5790337733,29230.110878649,11656781981.62,568365621732.67,2023-07-31T23:59:59.999Z
2023-07-30T00:00:00.000Z,2023-07-30T23:59:59.999Z,2023-07-30T15:04:00.000Z,2023-07-30T20:03:00.000Z,2781,29357.0936433926,29443.169489786,29059.5026285708,29275.307946897,8678454526.64,569216997017.29,2023-07-30T23:59:59.999Z
2023-07-29T00:00:00.000Z,2023-07-29T23:59:59.999Z,2023-07-29T04:27:00.000Z,2023-07-29T12:48:00.000Z,2781,29319.4460376816,29396.8437541811,29264.1662739004,29356.9185375698,6481775958.74,570774442718.62,2023-07-29T23:59:59.999Z
2023-07-28T00:00:00.000Z,2023-07-28T23:59:59.999Z,2023-07-28T15:23:00.000Z,2023-07-28T08:11:00.000Z,2781,29212.1643024276,29521.5143305549,29125.8455921496,29319.2454030349,11218474951.63,570017791145.4,2023-07-28T23:59:59.999Z
2023-07-27T00:00:00.000Z,2023-07-27T23:59:59.999Z,2023-07-27T09:56:00.000Z,2023-07-27T18:40:00.000Z,2781,29353.7988292154,29560.9662619931,29099.3522511329,29210.6892773374,10770779216.98,567881358904.56,2023-07-27T23:59:59.999Z
2023-07-26T00:00:00.000Z,2023-07-26T23:59:59.999Z,2023-07-26T20:53:00.000Z,2023-07-26T01:38:00.000Z,2781,29225.7601153369,29675.5526173996,29113.9113235798,29354.9728831488,13497554655.35,570661758982.41,2023-07-26T23:59:59.999Z
2023-07-25T00:00:00.000Z,2023-07-25T23:59:59.999Z,2023-07-25T18:41:00.000Z,2023-07-25T01:45:00.000Z,2781,29178.9700445921,29353.161104588,29062.4342931064,29227.390799952,10266772792.7,568155078548.47,2023-07-25T23:59:59.999Z
2023-07-24T00:00:00.000Z,2023-07-24T23:59:59.999Z,2023-07-24T00:26:00.000Z,2023-07-24T15:11:00.000Z,2781,30081.6616445789,30093.3942473004,28934.2941602457,29176.9154848326,15395817395.41,567148527546.04,2023-07-24T23:59:59.999Z
2023-07-23T00:00:00.000Z,2023-07-23T23:59:59.999Z,2023-07-23T19:08:00.000Z,2023-07-23T00:51:00.000Z,2781,29790.1116464042,30330.6403920111,29741.5273145473,30084.5392407563,9220145049.89,584762966697.84,2023-07-23T23:59:59.999Z
2023-07-22T00:00:00.000Z,2023-07-22T23:59:59.999Z,2023-07-22T00:54:00.000Z,2023-07-22T23:32:00.000Z,2781,29908.6969886163,29991.6159564429,29664.1209453471,29771.8028277715,7873300597.52,578655924186.63,2023-07-22T23:59:59.999Z
2023-07-21T00:00:00.000Z,2023-07-21T23:59:59.999Z,2023-07-21T18:39:00.000Z,2023-07-21T00:38:00.000Z,2781,29805.1115304935,30045.9975126413,29733.8509994208,29908.743898772,10972789817.7,581292887481.78,2023-07-21T23:59:59.999Z
2023-07-20T00:00:00.000Z,2023-07-20T23:59:59.999Z,2023-07-20T06:30:00.000Z,2023-07-20T18:31:00.000Z,2781,29915.2503258654,30195.5310367275,29638.096674876,29792.0163780508,14655207120.53,579003905761.26,2023-07-20T23:59:59.999Z
2023-07-19T00:00:00.000Z,2023-07-19T23:59:59.999Z,2023-07-19T04:37:00.000Z,2023-07-19T15:02:00.000Z,2781,29862.04720795,30184.1811513168,29794.2688631325,29913.9231998543,12128602811.7,581348679162.13,2023-07-19T23:59:59.999Z
2023-07-18T00:00:00.000Z,2023-07-18T23:59:59.999Z,2023-07-18T01:58:00.000Z,2023-07-18T16:49:00.000Z,2781,30147.0708614209,30233.6553490189,29556.428372971,29856.5632231206,13138897269.16,580205937049.99,2023-07-18T23:59:59.999Z
2023-07-17T00:00:00.000Z,2023-07-17T23:59:59.999Z,2023-07-17T05:14:00.000Z,2023-07-17T18:50:00.000Z,2781,30249.626617143,30336.4001335,29685.7826866555,30145.8896255087,13240156074.07,585797549895.29,2023-07-17T23:59:59.999Z
2023-07-16T00:00:00.000Z,2023-07-16T23:59:59.999Z,2023-07-16T14:34:00.000Z,2023-07-16T02:22:00.000Z,2781,30297.4721108167,30437.5607323324,30089.67038376,30249.1328102967,8516564469.72,587778068681.36,2023-07-16T23:59:59.999Z
2023-07-15T00:00:00.000Z,2023-07-15T23:59:59.999Z,2023-07-15T01:43:00.000Z,2023-07-15T00:23:00.000Z,2781,30331.7822769735,30407.7811093183,30263.4634166624,30295.807483728,8011667755.87,588656416080.43,2023-07-15T23:59:59.999Z
2023-07-14T00:00:00.000Z,2023-07-14T23:59:59.999Z,2023-07-14T03:18:00.000Z,2023-07-14T19:06:00.000Z,2781,31474.7213636247,31582.2548272377,29966.3871365008,30334.0690076907,20917902659.76,589374459085.89,2023-07-14T23:59:59.999Z
2023-07-13T00:00:00.000Z,2023-07-13T23:59:59.999Z,2023-07-13T19:32:00.000Z,2023-07-13T04:12:00.000Z,2781,30387.4891966463,31814.5148120678,30268.3524866199,31476.0493854442,23686079547.52,611535352757.7,2023-07-13T23:59:59.999Z
2023-07-12T00:00:00.000Z,2023-07-12T23:59:59.999Z,2023-07-12T12:31:00.000Z,2023-07-12T19:37:00.000Z,2781,30622.2469455637,30959.9655594585,30228.8352203163,30391.6461439343,14805659716.84,590443005305.01,2023-07-12T23:59:59.999Z
2023-07-11T00:00:00.000Z,2023-07-11T23:59:59.999Z,2023-07-11T15:19:00.000Z,2023-07-11T13:44:00.000Z,2781,30417.6336240204,30788.3146195758,30358.0977422072,30620.9509380041,12151839151.9,594872050276.47,2023-07-11T23:59:59.999Z
2023-07-10T00:00:00.000Z,2023-07-10T23:59:59.999Z,2023-07-10T20:08:00.000Z,2023-07-10T00:18:00.000Z,2781,30172.4229553721,31026.0837999654,29985.3947006345,30414.4715205927,14828209155.42,590834747693.02,2023-07-10T23:59:59.999Z
2023-07-09T00:00:00.000Z,2023-07-09T23:59:59.999Z,2023-07-09T14:37:00.000Z,2023-07-09T22:11:00.000Z,2781,30291.6105302875,30427.5906603124,30085.5921932412,30171.2335717583,7903327692.27,586079772336.97,2023-07-09T23:59:59.999Z
2023-07-08T00:00:00.000Z,2023-07-08T23:59:59.999Z,2023-07-08T02:53:00.000Z,2023-07-08T19:25:00.000Z,2781,30346.9216528359,30374.436525062,30080.1596102402,30292.541172642,7509378699.36,588404379630.2,2023-07-08T23:59:59.999Z
2023-07-07T00:00:00.000Z,2023-07-07T23:59:59.999Z,2023-07-07T16:13:00.000Z,2023-07-07T00:04:00.000Z,2781,29907.9989024233,30434.6436943597,29777.2844100844,30342.2647520959,13384770154.9,589336655273.9,2023-07-07T23:59:59.999Z
2023-07-06T00:00:00.000Z,2023-07-06T23:59:59.999Z,2023-07-06T09:01:00.000Z,2023-07-06T14:41:00.000Z,2781,30507.1511109433,31460.053612688,29892.2260315633,29909.3377611007,21129219508.8,580894851051.47,2023-07-06T23:59:59.999Z
2023-07-05T00:00:00.000Z,2023-07-05T23:59:59.999Z,2023-07-05T03:54:00.000Z,2023-07-05T13:31:00.000Z,2781,30778.7253627454,30877.3292510437,30225.612698539,30514.16639282,12481622279.55,592615228830.8,2023-07-05T23:59:59.999Z
2023-07-04T00:00:00.000Z,2023-07-04T23:59:59.999Z,2023-07-04T02:04:00.000Z,2023-07-04T19:33:00.000Z,2781,31156.8649216554,31325.1981663768,30659.3558933371,30777.5815111677,12810828427.35,597702171825.96,2023-07-04T23:59:59.999Z
2023-07-03T00:00:00.000Z,2023-07-03T23:59:59.999Z,2023-07-03T19:52:00.000Z,2023-07-03T12:20:00.000Z,2781,30624.5163112716,31375.6132520015,30586.5134333907,31156.4394915754,15271884873.11,605031166919.12,2023-07-03T23:59:59.999Z
2023-07-02T00:00:00.000Z,2023-07-02T23:59:59.999Z,2023-07-02T22:35:00.000Z,2023-07-02T15:25:00.000Z,2781,30587.2699558779,30766.1397466901,30264.018714367,30620.7702634481,10533418042.02,594601955892.83,2023-07-02T23:59:59.999Z
2023-07-01T00:00:00.000Z,2023-07-01T23:59:59.999Z,2023-07-01T15:03:00.000Z,2023-07-01T04:31:00.000Z,2781,30471.8475630488,30641.2893232817,30328.8647488093,30590.0790715004,9086606733.0,593974448099.12,2023-07-01T23:59:59.999Z
2023-06-30T00:00:00.000Z,2023-06-30T23:59:59.999Z,2023-06-30T04:52:00.000Z,2023-06-30T13:48:00.000Z,2781,30441.3537591761,31256.8626995544,29600.2759394191,30477.2512822446,26387306196.78,591758288455.82,2023-06-30T23:59:59.999Z
2023-06-29T00:00:00.000Z,2023-06-29T23:59:59.999Z,2023-06-29T13:19:00.000Z,2023-06-29T00:53:00.000Z,2781,30086.1867174231,30796.2502396517,30057.2030203001,30445.3512260882,13180860821.04,591107911061.22,2023-06-29T23:59:59.999Z
2023-06-28T00:00:00.000Z,2023-06-28T23:59:59.999Z,2023-06-28T00:01:00.000Z,2023-06-28T19:32:00.000Z,2781,30696.5614868419,30703.2799763247,29921.8228325599,30086.2461885249,14571500779.44,584108674470.97,2023-06-28T23:59:59.999Z
2023-06-27T00:00:00.000Z,2023-06-27T23:59:59.999Z,2023-06-27T14:09:00.000Z,2023-06-27T00:08:00.000Z,2781,30274.3211879661,31006.7865769744,30236.6512938044,30688.163854246,16428827943.78,595773660616.42,2023-06-27T23:59:59.999Z
2023-06-26T00:00:00.000Z,2023-06-26T23:59:59.999Z,2023-06-26T14:00:00.000Z,2023-06-26T17:17:00.000Z,2781,30480.523973069,30636.0294295733,29955.7432937325,30271.1310167397,16493186997.21,587650439314.87,2023-06-26T23:59:59.999Z
2023-06-25T00:00:00.000Z,2023-06-25T23:59:59.999Z,2023-06-25T04:39:00.000Z,2023-06-25T20:55:00.000Z,2781,30545.1502334604,31041.2720670359,30327.9427839938,30480.2616057375,12703464114.44,591683600297.12,2023-06-25T23:59:59.999Z
2023-06-24T00:00:00.000Z,2023-06-24T23:59:59.999Z,2023-06-24T12:41:00.000Z,2023-06-24T16:04:00.000Z,2781,30708.738453966,30804.1493662664,30290.1464759963,30548.6948247387,12147822495.52,592983006395.12,2023-06-24T23:59:59.999Z
2023-06-23T00:00:00.000Z,2023-06-23T23:59:59.999Z,2023-06-23T16:15:00.000Z,2023-06-23T02:12:00.000Z,2781,29896.3834240396,31389.5381281357,29845.2145052038,30695.4694074896,24115570084.62,595803665519.79,2023-06-23T23:59:59.999Z
2023-06-22T00:00:00.000Z,2023-06-22T23:59:59.999Z,2023-06-22T02:58:00.000Z,2023-06-22T14:54:00.000Z,2781,29995.9357665997,30495.9984471372,29679.1574022677,29912.281714768,20653160490.91,580578124574.23,2023-06-22T23:59:59.999Z
2023-06-21T00:00:00.000Z,2023-06-21T23:59:59.999Z,2023-06-21T16:36:00.000Z,2023-06-21T00:04:00.000Z,2781,28311.3109603566,30737.3292235892,28283.4107788348,30027.296453501,33346760979.13,582785323709.11,2023-06-21T23:59:59.999Z
2023-06-20T00:00:00.000Z,2023-06-20T23:59:59.999Z,2023-06-20T23:55:00.000Z,2023-06-20T14:30:00.000Z,2781,26841.6635300996,28388.9684174993,26668.7916991755,28327.4882643282,22211859146.73,549771733917.47,2023-06-20T23:59:59.999Z
2023-06-19T00:00:00.000Z,2023-06-19T23:59:59.999Z,2023-06-19T18:16:00.000Z,2023-06-19T00:57:00.000Z,2781,26335.4423696201,26984.6115264724,26312.8318076296,26851.0285455213,12826986222.15,521094554604.37,2023-06-19T23:59:59.999Z
2023-06-18T00:00:00.000Z,2023-06-18T23:59:59.999Z,2023-06-18T20:01:00.000Z,2023-06-18T23:54:00.000Z,2781,26510.4576052828,26675.925532232,26325.8901810201,26336.213003281,9565695128.64,511079706782.86,2023-06-18T23:59:59.999Z
2023-06-17T00:00:00.000Z,2023-06-17T23:59:59.999Z,2023-06-17T05:42:00.000Z,2023-06-17T02:09:00.000Z,2781,26328.6794390096,26769.3945019205,26174.4916495744,26510.6764468879,11090276850.25,514442327519.51,2023-06-17T23:59:59.999Z
2023-06-16T00:00:00.000Z,2023-06-16T23:59:59.999Z,2023-06-16T18:16:00.000Z,2023-06-16T14:47:00.000Z,2781,25575.2825953687,26463.1730645529,25245.3576831118,26327.4623942173,16324646965.41,510862345346.3,2023-06-16T23:59:59.999Z
2023-06-15T00:00:00.000Z,2023-06-15T23:59:59.999Z,2023-06-15T21:34:00.000Z,2023-06-15T11:18:00.000Z,2781,25121.673946192,25735.3085416373,24797.1678486154,25576.3940082636,15837384409.1,496264527631.0,2023-06-15T23:59:59.999Z
2023-06-14T00:00:00.000Z,2023-06-14T23:59:59.999Z,2023-06-14T02:01:00.000Z,2023-06-14T20:50:00.000Z,2781,25920.2580891397,26041.8001094749,24902.1527012158,25124.6766798408,14265717765.8,487476514345.28,2023-06-14T23:59:59.999Z
2023-06-13T00:00:00.000Z,2023-06-13T23:59:59.999Z,2023-06-13T12:32:00.000Z,2023-06-13T15:59:00.000Z,2781,25902.9409098622,26376.3520693234,25728.3655675085,25918.7284012682,14143474486.27,502863816038.37,2023-06-13T23:59:59.999Z
2023-06-12T00:00:00.000Z,2023-06-12T23:59:59.999Z,2023-06-12T09:10:00.000Z,2023-06-12T02:50:00.000Z,2781,25934.2855973595,26087.9190731862,25675.1975943677,25902.499869783,11677889997.4,502523702241.22,2023-06-12T23:59:59.999Z
2023-06-11T00:00:00.000Z,2023-06-11T23:59:59.999Z,2023-06-11T20:12:00.000Z,2023-06-11T04:24:00.000Z,2781,25854.0319184511,26203.4398078896,25668.9856072276,25940.1680803434,10732609602.85,503230985845.05,2023-06-11T23:59:59.999Z
2023-06-10T00:00:00.000Z,2023-06-10T23:59:59.999Z,2023-06-10T01:12:00.000Z,2023-06-10T17:04:00.000Z,2781,26481.7625447084,26531.0451633534,25501.8362415855,25851.2410031697,19872933188.93,501477392550.51,2023-06-10T23:59:59.999Z
2023-06-09T00:00:00.000Z,2023-06-09T23:59:59.999Z,2023-06-09T13:25:00.000Z,2023-06-09T02:25:00.000Z,2781,26505.9240082429,26770.2891173356,26339.3152211506,26480.3750935951,11015551640.28,513657047934.28,2023-06-09T23:59:59.999Z
2023-06-08T00:00:00.000Z,2023-06-08T23:59:59.999Z,2023-06-08T15:54:00.000Z,2023-06-08T03:33:00.000Z,2781,26347.6534538868,26797.5127867183,26246.6637562363,26508.2159021565,11904824295.26,514170400421.06,2023-06-08T23:59:59.999Z
2023-06-07T00:00:00.000Z,2023-06-07T23:59:59.999Z,2023-06-07T00:47:00.000Z,2023-06-07T22:00:00.000Z,2781,27235.6495184016,27332.1809565185,26146.9888682086,26345.9988512669,19530045081.91,510996613395.63,2023-06-07T23:59:59.999Z
2023-06-06T00:00:00.000Z,2023-06-06T23:59:59.999Z,2023-06-06T23:29:00.000Z,2023-06-06T12:15:00.000Z,2781,25732.1088628453,27313.8206824171,25434.8671315473,27238.7837262174,21929670692.82,528291607015.54,2023-06-06T23:59:59.999Z
2023-06-05T00:00:00.000Z,2023-06-05T23:59:59.999Z,2023-06-05T00:11:00.000Z,2023-06-05T19:28:00.000Z,2781,27123.1099638092,27129.9825837683,25445.1675071202,25760.0969995361,21513292646.48,499587457194.46,2023-06-05T23:59:59.999Z
2023-06-04T00:00:00.000Z,2023-06-04T23:59:59.999Z,2023-06-04T22:17:00.000Z,2023-06-04T01:08:00.000Z,2781,27075.1220733877,27407.0185695383,26968.2241409056,27119.0671931263,9360912318.14,525920232790.71,2023-06-04T23:59:59.999Z
2023-06-03T00:00:00.000Z,2023-06-03T23:59:59.999Z,2023-06-03T16:30:00.000Z,2023-06-03T21:39:00.000Z,2781,27252.323332615,27317.0518540886,26958.0037399252,27075.1293984425,8385597470.09,525043616807.54,2023-06-03T23:59:59.999Z
2023-06-02T00:00:00.000Z,2023-06-02T23:59:59.999Z,2023-06-02T22:41:00.000Z,2023-06-02T00:39:00.000Z,2781,26824.5569811195,27303.8616872678,26574.6444212308,27249.5889490884,14837414999.85,528404436446.27,2023-06-02T23:59:59.999Z
2023-06-01T00:00:00.000Z,2023-06-01T23:59:59.999Z,2023-06-01T00:17:00.000Z,2023-06-01T03:05:00.000Z,2781,27218.4123755644,27346.1054831365,26671.7211558408,26819.9732197077,14678970414.58,520044966564.46,2023-06-01T23:59:59.999Z
2023-05-31T00:00:00.000Z,2023-05-31T23:59:59.999Z,2023-05-31T01:27:00.000Z,2023-05-31T16:09:00.000Z,2781,27700.5300887118,27831.6778037086,26866.4539444005,27219.6586081109,15656371534.37,527773175252.01,2023-05-31T23:59:59.999Z
2023-05-30T00:00:00.000Z,2023-05-30T23:59:59.999Z,2023-05-30T10:38:00.000Z,2023-05-30T16:18:00.000Z,2781,27745.1236032612,28044.7597979826,27588.5027657556,27702.3487747796,13251081851.39,537106462875.19,2023-05-30T23:59:59.999Z
2023-05-29T00:00:00.000Z,2023-05-29T23:59:59.999Z,2023-05-29T00:25:00.000Z,2023-05-29T17:07:00.000Z,2781,28075.5921411669,28432.0387169709,27563.8772111818,27745.884443552,15181308983.6,537924888418.9,2023-05-29T23:59:59.999Z
2023-05-28T00:00:00.000Z,2023-05-28T23:59:59.999Z,2023-05-28T23:16:00.000Z,2023-05-28T00:20:00.000Z,2781,26871.15877526,28193.448532831,26802.7517301607,28085.6473607492,14545229578.02,544483610242.01,2023-05-28T23:59:59.999Z
2023-05-27T00:00:00.000Z,2023-05-27T23:59:59.999Z,2023-05-27T23:42:00.000Z,2023-05-27T13:58:00.000Z,2781,26720.1825135591,26888.883370776,26621.1414051027,26868.3538184312,7892015141.24,520858138785.14,2023-05-27T23:59:59.999Z
2023-05-26T00:00:00.000Z,2023-05-26T23:59:59.999Z,2023-05-26T14:35:00.000Z,2023-05-26T06:04:00.000Z,2781,26474.1824692754,26916.669912854,26343.9491574985,26719.2909846173,12711619225.45,517943916949.93,2023-05-26T23:59:59.999Z
2023-05-25T00:00:00.000Z,2023-05-25T23:59:59.999Z,2023-05-25T19:12:00.000Z,2023-05-25T01:28:00.000Z,2781,26329.4615125873,26591.5191830944,25890.5944753459,26476.2075319731,13851122696.86,513207340509.25,2023-05-25T23:59:59.999Z
2023-05-24T00:00:00.000Z,2023-05-24T23:59:59.999Z,2023-05-24T00:00:00.000Z,2023-05-24T15:10:00.000Z,2781,27224.6037024623,27224.6037024623,26106.576623118,26334.8182144365,16299104428.23,510440697384.33,2023-05-24T23:59:59.999Z
2023-05-23T00:00:00.000Z,2023-05-23T23:59:59.999Z,2023-05-23T05:51:00.000Z,2023-05-23T01:10:00.000Z,2781,26855.9606820402,27434.6843282044,26816.1797181209,27225.7265906348,13697203142.64,527685629563.87,2023-05-23T23:59:59.999Z
2023-05-22T00:00:00.000Z,2023-05-22T23:59:59.999Z,2023-05-22T13:51:00.000Z,2023-05-22T02:06:00.000Z,2781,26749.8932054031,27045.7350857875,26549.7347924388,26851.2776278913,11056770492.11,520401926578.4,2023-05-22T23:59:59.999Z
2023-05-21T00:00:00.000Z,2023-05-21T23:59:59.999Z,2023-05-21T00:59:00.000Z,2023-05-21T21:25:00.000Z,2781,27118.4232282803,27265.917991796,26706.9213535133,26753.8256390547,8647416920.95,518489461930.79,2023-05-21T23:59:59.999Z
2023-05-20T00:00:00.000Z,2023-05-20T23:59:59.999Z,2023-05-20T18:16:00.000Z,2023-05-20T00:45:00.000Z,2781,26888.8413910538,27155.1590263728,26843.2773808623,27129.5862550312,7044911360.48,525746096848.12,2023-05-20T23:59:59.999Z
2023-05-19T00:00:00.000Z,2023-05-19T23:59:59.999Z,2023-05-19T15:22:00.000Z,2023-05-19T15:35:00.000Z,2781,26826.7547863893,27128.6188432596,26700.2101422999,26890.1282424083,11258983300.89,521083278041.79,2023-05-19T23:59:59.999Z
2023-05-18T00:00:00.000Z,2023-05-18T23:59:59.999Z,2023-05-18T12:17:00.000Z,2023-05-18T17:58:00.000Z,2781,27401.650207989,27466.5275901847,26415.1014830457,26832.209300486,15222938600.41,519935930271.57,2023-05-18T23:59:59.999Z
2023-05-17T00:00:00.000Z,2023-05-17T23:59:59.999Z,2023-05-17T20:09:00.000Z,2023-05-17T14:03:00.000Z,2781,27035.4701297138,27465.9279042946,26600.144844308,27398.8020279652,15140006925.18,530890147614.67,2023-05-17T23:59:59.999Z
2023-05-16T00:00:00.000Z,2023-05-16T23:59:59.999Z,2023-05-16T00:30:00.000Z,2023-05-16T01:29:00.000Z,2781,27171.5145793968,27299.3048116412,26878.9479718172,27036.650709944,12732238815.9,523846408825.17,2023-05-16T23:59:59.999Z
2023-05-15T00:00:00.000Z,2023-05-15T23:59:59.999Z,2023-05-15T17:18:00.000Z,2023-05-15T00:53:00.000Z,2781,26931.3846319054,27646.3481186699,26766.0969160443,27192.6932211649,14413231792.03,526844318152.29,2023-05-15T23:59:59.999Z
2023-05-14T00:00:00.000Z,2023-05-14T23:59:59.999Z,2023-05-14T15:10:00.000Z,2023-05-14T01:17:00.000Z,2781,26788.9742917708,27150.9767916992,26661.3549036476,26930.6378455643,10014858959.48,521742220416.76,2023-05-14T23:59:59.999Z
2023-05-13T00:00:00.000Z,2023-05-13T23:59:59.999Z,2023-05-13T18:50:00.000Z,2023-05-13T00:32:00.000Z,2781,26807.7690443986,27030.4829603024,26710.8738030477,26784.0785608824,9999171605.08,518873704830.19,2023-05-13T23:59:59.999Z
2023-05-12T00:00:00.000Z,2023-05-12T23:59:59.999Z,2023-05-12T00:57:00.000Z,2023-05-12T19:29:00.000Z,2781,26987.6625136386,27055.6472281282,25878.428829536,26804.9906706878,19313599897.31,519254029391.83,2023-05-12T23:59:59.999Z
2023-05-11T00:00:00.000Z,2023-05-11T23:59:59.999Z,2023-05-11T00:12:00.000Z,2023-05-11T17:49:00.000Z,2781,27621.0868718167,27621.9419861764,26781.8270021461,27000.7882707338,16724343943.18,523022981321.22,2023-05-11T23:59:59.999Z
2023-05-10T00:00:00.000Z,2023-05-10T23:59:59.999Z,2023-05-10T13:06:00.000Z,2023-05-10T17:22:00.000Z,2781,27654.6367765788,28322.6883278863,26883.6698825657,27621.7562273313,20656025025.55,535026153601.52,2023-05-10T23:59:59.999Z
2023-05-09T00:00:00.000Z,2023-05-09T23:59:59.999Z,2023-05-09T12:18:00.000Z,2023-05-09T16:06:00.000Z,2781,27695.0680692549,27821.4006063564,27375.6006902588,27658.774672519,14128593255.78,535713623918.83,2023-05-09T23:59:59.999Z
2023-05-08T00:00:00.000Z,2023-05-08T23:59:59.999Z,2023-05-08T00:28:00.000Z,2023-05-08T20:11:00.000Z,2781,28450.4574779637,28663.2723318452,27310.1356123737,27694.2728962731,19122903752.39,536375393861.25,2023-05-08T23:59:59.999Z
2023-05-07T00:00:00.000Z,2023-05-07T23:59:59.999Z,2023-05-07T01:31:00.000Z,2023-05-07T23:56:00.000Z,2781,28901.6228241325,29157.5181853347,28441.3680383238,28454.9782855135,11301355486.45,551083296208.8,2023-05-07T23:59:59.999Z
2023-05-06T00:00:00.000Z,2023-05-06T23:59:59.999Z,2023-05-06T00:38:00.000Z,2023-05-06T15:02:00.000Z,2781,29538.859004621,29820.1266220765,28468.9674098562,28904.6239490708,15913866714.47,559767467680.94,2023-05-06T23:59:59.999Z
2023-05-05T00:00:00.000Z,2023-05-05T23:59:59.999Z,2023-05-05T17:05:00.000Z,2023-05-05T00:18:00.000Z,2781,28851.4796617854,29668.9076771209,28845.5105337151,29534.384019705,17936566518.34,571935354879.7,2023-05-05T23:59:59.999Z
2023-05-04T00:00:00.000Z,2023-05-04T23:59:59.999Z,2023-05-04T10:38:00.000Z,2023-05-04T18:32:00.000Z,2781,29031.3044477545,29353.1846595615,28694.0390246895,28847.7115906552,15548678513.55,558617183940.51,2023-05-04T23:59:59.999Z
2023-05-03T00:00:00.000Z,2023-05-03T23:59:59.999Z,2023-05-03T22:26:00.000Z,2023-05-03T15:03:00.000Z,2781,28680.494409625,29259.5332879995,28178.3892452007,29006.3076709086,19122972518.31,561661086030.57,2023-05-03T23:59:59.999Z
2023-05-02T00:00:00.000Z,2023-05-02T23:59:59.999Z,2023-05-02T19:12:00.000Z,2023-05-02T05:07:00.000Z,2781,28087.174969792,28881.2983804636,27924.1236749807,28680.5369679129,16432924526.63,555325979264.04,2023-05-02T23:59:59.999Z
2023-05-01T00:00:00.000Z,2023-05-01T23:59:59.999Z,2023-05-01T00:50:00.000Z,2023-05-01T20:59:00.000Z,2781,29227.1039819099,29329.9362211056,27680.7926396911,28091.5688038924,18655599976.36,543900696259.74,2023-05-01T23:59:59.999Z
2023-04-30T00:00:00.000Z,2023-04-30T23:59:59.999Z,2023-04-30T15:42:00.000Z,2023-04-30T02:00:00.000Z,2781,29245.5155124623,29952.0285526597,29114.0212362778,29268.8070431626,14652199272.27,566661285145.37,2023-04-30T23:59:59.999Z
2023-04-29T00:00:00.000Z,2023-04-29T23:59:59.999Z,2023-04-29T04:26:00.000Z,2023-04-29T17:32:00.000Z,2781,29336.5670352512,29452.4552449019,29088.0423364895,29248.4883729176,10662634332.91,566240497928.76,2023-04-29T23:59:59.999Z
2023-04-28T00:00:00.000Z,2023-04-28T23:59:59.999Z,2023-04-28T01:02:00.000Z,2023-04-28T13:54:00.000Z,2781,29481.0135350274,29572.7916927929,28929.6085418823,29340.262498158,17544464887.25,567993007155.91,2023-04-28T23:59:59.999Z
2023-04-27T00:00:00.000Z,2023-04-27T23:59:59.999Z,2023-04-27T18:46:00.000Z,2023-04-27T00:02:00.000Z,2781,28428.4642786789,29871.5463516429,28402.8873866517,29473.7861836728,27153445027.31,570550222405.71,2023-04-27T23:59:59.999Z
2023-04-26T00:00:00.000Z,2023-04-26T23:59:59.999Z,2023-04-26T12:59:00.000Z,2023-04-26T20:03:00.000Z,2781,28300.0592743853,29995.8384911174,27324.5490065239,28422.7008784923,31854242019.49,550180352607.55,2023-04-26T23:59:59.999Z
2023-04-25T00:00:00.000Z,2023-04-25T23:59:59.999Z,2023-04-25T22:05:00.000Z,2023-04-25T08:24:00.000Z,2781,27514.8723912188,28371.0776961978,27207.9325567409,28307.5980906654,17733373139.17,547928945542.45,2023-04-25T23:59:59.999Z
2023-04-24T00:00:00.000Z,2023-04-24T23:59:59.999Z,2023-04-24T01:20:00.000Z,2023-04-24T16:56:00.000Z,2781,27591.7295218905,27979.9819006629,27070.8494995525,27525.3394995911,17703288330.24,532766516006.96,2023-04-24T23:59:59.999Z
2023-04-23T00:00:00.000Z,2023-04-23T23:59:59.999Z,2023-04-23T00:01:00.000Z,2023-04-23T18:51:00.000Z,2781,27816.1447925761,27820.2444909276,27400.3137358677,27591.3846319068,12785446832.04,534020212996.71,2023-04-23T23:59:59.999Z
2023-04-22T00:00:00.000Z,2023-04-22T23:59:59.999Z,2023-04-22T23:08:00.000Z,2023-04-22T01:18:00.000Z,2781,27265.8950162583,27872.1431679039,27169.5711204099,27817.5009174373,13125734602.38,538371205878.3,2023-04-22T23:59:59.999Z
2023-04-21T00:00:00.000Z,2023-04-21T23:59:59.999Z,2023-04-21T00:49:00.000Z,2023-04-21T22:39:00.000Z,2781,28249.2312707237,28349.9678577085,27177.3652995742,27276.9096875756,20759504329.87,527883377617.69,2023-04-21T23:59:59.999Z
2023-04-20T00:00:00.000Z,2023-04-20T23:59:59.999Z,2023-04-20T06:19:00.000Z,2023-04-20T19:29:00.000Z,2781,28823.6828624372,29076.4010485199,28037.2572572235,28245.9873104934,21340360359.79,546611911812.66,2023-04-20T23:59:59.999Z
2023-04-19T00:00:00.000Z,2023-04-19T23:59:59.999Z,2023-04-19T00:19:00.000Z,2023-04-19T23:24:00.000Z,2781,30394.1879043593,30411.0537908765,28669.8982681516,28822.6804729009,24571565420.76,557748035703.28,2023-04-19T23:59:59.999Z
2023-04-18T00:00:00.000Z,2023-04-18T23:59:59.999Z,2023-04-18T12:23:00.000Z,2023-04-18T01:16:00.000Z,2781,29449.0917046267,30470.3020147381,29154.8493708622,30397.5527355226,19480529496.02,588197752221.23,2023-04-18T23:59:59.999Z
2023-04-17T00:00:00.000Z,2023-04-17T23:59:59.999Z,2023-04-17T00:02:00.000Z,2023-04-17T15:41:00.000Z,2781,30317.1456974152,30319.1965766039,29275.3710576336,29445.0449049628,17872186762.03,569735854496.74,2023-04-17T23:59:59.999Z
2023-04-16T00:00:00.000Z,2023-04-16T23:59:59.999Z,2023-04-16T19:33:00.000Z,2023-04-16T01:13:00.000Z,2781,30315.9764166222,30555.5376334409,30157.8323252603,30315.3554561203,12854816416.5,586546802552.23,2023-04-16T23:59:59.999Z
2023-04-15T00:00:00.000Z,2023-04-15T23:59:59.999Z,2023-04-15T00:28:00.000Z,2023-04-15T17:37:00.000Z,2781,30490.7492724237,30601.7401642927,30245.881938716,30318.4969530646,11940685377.62,586582359795.4,2023-04-15T23:59:59.999Z
2023-04-14T00:00:00.000Z,2023-04-14T23:59:59.999Z,2023-04-14T06:54:00.000Z,2023-04-14T16:50:00.000Z,2781,30409.5616914944,31005.6080444729,30044.497509619,30485.7000292553,22659995079.31,589786626446.89,2023-04-14T23:59:59.999Z
2023-04-13T00:00:00.000Z,2023-04-13T23:59:59.999Z,2023-04-13T18:16:00.000Z,2023-04-13T00:20:00.000Z,2781,29892.7394598771,30539.8464812825,29878.6221634081,30399.0663854918,17487721001.39,588084165990.41,2023-04-13T23:59:59.999Z
2023-04-12T00:00:00.000Z,2023-04-12T23:59:59.999Z,2023-04-12T12:36:00.000Z,2023-04-12T15:14:00.000Z,2781,30231.5816232396,30462.480941487,29725.5733501584,30139.052871052,18651929926.37,583034311648.57,2023-04-12T23:59:59.999Z
2023-04-11T00:00:00.000Z,2023-04-11T23:59:59.999Z,2023-04-11T19:19:00.000Z,2023-04-11T00:10:00.000Z,2781,29653.679647446,30509.0836664564,29609.3013680349,30235.0589389553,20121259843.07,584854674446.17,2023-04-11T23:59:59.999Z
2023-04-10T00:00:00.000Z,2023-04-10T23:59:59.999Z,2023-04-10T23:15:00.000Z,2023-04-10T13:58:00.000Z,2781,28336.0282374011,29771.46392891,28189.2707713694,29652.9800970841,19282400094.3,573568312635.13,2023-04-10T23:59:59.999Z
2023-04-09T00:00:00.000Z,2023-04-09T23:59:59.999Z,2023-04-09T22:07:00.000Z,2023-04-09T14:22:00.000Z,2781,27952.3676156125,28532.8299692781,27828.4814105435,28333.0500476249,12175322950.95,548015190714.46,2023-04-09T23:59:59.999Z
2023-04-08T00:00:00.000Z,2023-04-08T23:59:59.999Z,2023-04-08T05:57:00.000Z,2023-04-08T00:55:00.000Z,2781,27920.5127785287,28159.8627798755,27883.386552621,27947.7945496942,9373255556.0,540536533674.58,2023-04-08T23:59:59.999Z
2023-04-07T00:00:00.000Z,2023-04-07T23:59:59.999Z,2023-04-07T00:57:00.000Z,2023-04-07T07:57:00.000Z,2781,28038.9669696205,28111.5932841216,27794.0318258101,27925.8594084129,10861680497.27,540086456069.02,2023-04-07T23:59:59.999Z
2023-04-06T00:00:00.000Z,2023-04-06T23:59:59.999Z,2023-04-06T00:01:00.000Z,2023-04-06T10:38:00.000Z,2781,28175.2270773749,28178.3843123757,27738.759361406,28044.1397549441,13837809380.28,542349825341.83,2023-04-06T23:59:59.999Z
2023-04-05T00:00:00.000Z,2023-04-05T23:59:59.999Z,2023-04-05T02:38:00.000Z,2023-04-05T16:17:00.000Z,2781,28169.726952854,28739.2381106536,27843.7644954278,28177.9835569508,17052315986.14,544910072721.85,2023-04-05T23:59:59.999Z
2023-04-04T00:00:00.000Z,2023-04-04T23:59:59.999Z,2023-04-04T11:09:00.000Z,2023-04-04T00:38:00.000Z,2781,27795.2743239989,28433.7429759972,27681.3050566141,28168.0898164027,15284538858.55,544693901827.85,2023-04-04T23:59:59.999Z
2023-04-03T00:00:00.000Z,2023-04-03T23:59:59.999Z,2023-04-03T10:31:00.000Z,2023-04-03T21:02:00.000Z,2781,28183.0803582438,28475.6225074989,27276.7199488097,27790.2208547736,19556501326.93,537360742269.69,2023-04-03T23:59:59.999Z
2023-04-02T00:00:00.000Z,2023-04-02T23:59:59.999Z,2023-04-02T03:40:00.000Z,2023-04-02T22:20:00.000Z,2781,28462.8448011161,28518.9584078453,27884.0870913286,28199.3083837745,12284641999.34,545245950698.05,2023-04-02T23:59:59.999Z
2023-04-01T00:00:00.000Z,2023-04-01T23:59:59.999Z,2023-04-01T02:02:00.000Z,2023-04-01T15:04:00.000Z,2781,28473.3318011971,28802.4574784469,28297.1724976454,28411.0342430924,10876469900.68,549318113504.07,2023-04-01T23:59:59.999Z
2023-03-31T00:00:00.000Z,2023-03-31T23:59:59.999Z,2023-03-31T14:52:00.000Z,2023-03-31T07:48:00.000Z,2781,28032.2622677886,28639.8960837575,27583.7152600683,28478.4846056804,19001327597.88,550593053896.62,2023-03-31T23:59:59.999Z
2023-03-30T00:00:00.000Z,2023-03-30T23:59:59.999Z,2023-03-30T02:41:00.000Z,2023-03-30T18:11:00.000Z,2781,28350.141491188,29159.9026178662,27720.1593376162,28033.5631503957,22435349950.56,541964802720.42,2023-03-30T23:59:59.999Z
2023-03-29T00:00:00.000Z,2023-03-29T23:59:59.999Z,2023-03-29T08:38:00.000Z,2023-03-29T00:49:00.000Z,2781,27267.0321746002,28619.5433888008,27259.6611804101,28348.442342812,20684945905.97,548025510532.62,2023-03-29T23:59:59.999Z
2023-03-28T00:00:00.000Z,2023-03-28T23:59:59.999Z,2023-03-28T20:01:00.000Z,2023-03-28T10:55:00.000Z,2781,27132.8889214451,27460.7194594252,26677.8187281128,27268.1314829145,17783600384.84,527117850100.66,2023-03-28T23:59:59.999Z
2023-03-27T00:00:00.000Z,2023-03-27T23:59:59.999Z,2023-03-27T00:53:00.000Z,2023-03-27T15:12:00.000Z,2781,27994.0679232525,28037.9258606414,26606.6890011395,27139.8885305221,18188895177.73,524615890807.42,2023-03-27T23:59:59.999Z
2023-03-26T00:00:00.000Z,2023-03-26T23:59:59.999Z,2023-03-26T13:59:00.000Z,2023-03-26T00:18:00.000Z,2781,27495.523958251,28178.1444372132,27445.0463549252,27994.3295142227,13878363191.96,541106062437.58,2023-03-26T23:59:59.999Z
2023-03-25T00:00:00.000Z,2023-03-25T23:59:59.999Z,2023-03-25T15:52:00.000Z,2023-03-25T20:03:00.000Z,2781,27487.3377383863,27791.82560276,27196.2338295048,27494.7068783775,13383005987.37,531424045822.58,2023-03-25T23:59:59.999Z
2023-03-24T00:00:00.000Z,2023-03-24T23:59:59.999Z,2023-03-24T00:25:00.000Z,2023-03-24T21:36:00.000Z,2781,28324.1116952049,28388.4377455639,27039.2654315026,27493.2851436235,25980310960.02,531370969956.36,2023-03-24T23:59:59.999Z
2023-03-23T00:00:00.000Z,2023-03-23T23:59:59.999Z,2023-03-23T15:18:00.000Z,2023-03-23T01:53:00.000Z,2781,27301.9574943549,28729.8434696783,27183.3637407073,28333.9727113788,24220433689.12,547590658474.12,2023-03-23T23:59:59.999Z
2023-03-22T00:00:00.000Z,2023-03-22T23:59:59.999Z,2023-03-22T18:06:00.000Z,2023-03-22T20:00:00.000Z,2781,28158.7199918061,28803.3359206694,26759.9962331222,27307.4367684133,33382021889.86,527720639354.35,2023-03-22T23:59:59.999Z
2023-03-21T00:00:00.000Z,2023-03-21T23:59:59.999Z,2023-03-21T16:54:00.000Z,2023-03-21T07:14:00.000Z,2781,27768.3920318154,28439.5615887102,27439.6470941503,28175.8168354249,36102192830.48,544473344614.66,2023-03-21T23:59:59.999Z
2023-03-20T00:00:00.000Z,2023-03-20T23:59:59.999Z,2023-03-20T09:05:00.000Z,2023-03-20T03:54:00.000Z,2781,28041.6019174942,28527.7242227414,27242.8807029191,27767.2363318262,44774027663.55,536553055078.31,2023-03-20T23:59:59.999Z
2023-03-19T00:00:00.000Z,2023-03-19T23:59:59.999Z,2023-03-19T20:12:00.000Z,2023-03-19T07:12:00.000Z,2781,26969.5037878128,28440.5612172583,26907.7162737127,28038.6749467651,37769448858.69,541771324421.11,2023-03-19T23:59:59.999Z
2023-03-18T00:00:00.000Z,2023-03-18T23:59:59.999Z,2023-03-18T01:06:00.000Z,2023-03-18T16:32:00.000Z,2781,27448.1172696105,27725.9534162099,26636.2609459753,26965.8797570266,35723036817.12,521018360376.26,2023-03-18T23:59:59.999Z
2023-03-17T00:00:00.000Z,2023-03-17T23:59:59.999Z,2023-03-17T22:49:00.000Z,2023-03-17T00:40:00.000Z,2781,25055.12321927,27787.8122252255,24955.1690552856,27423.9306340492,50730261335.05,529839581714.46,2023-03-17T23:59:59.999Z
2023-03-16T00:00:00.000Z,2023-03-16T23:59:59.999Z,2023-03-16T19:26:00.000Z,2023-03-16T01:20:00.000Z,2781,24373.4566170173,25190.3269844926,24225.1109586283,25052.789721748,33866061746.62,484005642386.83,2023-03-16T23:59:59.999Z
2023-03-15T00:00:00.000Z,2023-03-15T23:59:59.999Z,2023-03-15T13:23:00.000Z,2023-03-15T17:05:00.000Z,2781,24770.925668703,25240.6158183485,23964.909846877,24375.9613578312,43655701450.2,470908667056.64,2023-03-15T23:59:59.999Z
2023-03-14T00:00:00.000Z,2023-03-14T23:59:59.999Z,2023-03-14T13:05:00.000Z,2023-03-14T00:15:00.000Z,2781,24201.7660061459,26514.7171655285,24081.1826516623,24746.0746588477,54622230163.97,478037073214.71,2023-03-14T23:59:59.999Z
2023-03-13T00:00:00.000Z,2023-03-13T23:59:59.999Z,2023-03-13T15:32:00.000Z,2023-03-13T10:19:00.000Z,2781,22156.4066753221,24550.8374857613,21918.19993089,24197.5329977753,49466362688.47,467417380966.85,2023-03-13T23:59:59.999Z
2023-03-12T00:00:00.000Z,2023-03-12T23:59:59.999Z,2023-03-12T23:58:00.000Z,2023-03-12T07:49:00.000Z,2781,20628.0290344583,22185.0311108771,20448.8062610768,22163.949951915,29279035521.01,428114557464.91,2023-03-12T23:59:59.999Z
2023-03-11T00:00:00.000Z,2023-03-11T23:59:59.999Z,2023-03-11T05:59:00.000Z,2023-03-11T12:56:00.000Z,2781,20187.8770747332,20792.5256924445,20068.6603124152,20632.4096293926,30180288175.61,398509689462.45,2023-03-11T23:59:59.999Z
2023-03-10T00:00:00.000Z,2023-03-10T23:59:59.999Z,2023-03-10T00:03:00.000Z,2023-03-10T11:25:00.000Z,2781,20367.0017771358,20370.595398116,19628.2543094205,20187.2436476163,39578257695.31,389890609883.9,2023-03-10T23:59:59.999Z
2023-03-09T00:00:00.000Z,2023-03-09T23:59:59.999Z,2023-03-09T03:42:00.000Z,2023-03-09T21:01:00.000Z,2781,21720.0793175611,21802.7166811718,20210.3067467507,20363.0211117254,30364664170.83,393268847887.5,2023-03-09T23:59:59.999Z
2023-03-08T00:00:00.000Z,2023-03-08T23:59:59.999Z,2023-03-08T00:23:00.000Z,2023-03-08T23:43:00.000Z,2781,22216.4423211022,22268.8962521879,21708.0505060405,21718.0798304321,22536575684.49,419421447158.25,2023-03-08T23:59:59.999Z
2023-03-07T00:00:00.000Z,2023-03-07T23:59:59.999Z,2023-03-07T03:07:00.000Z,2023-03-07T21:25:00.000Z,2781,22428.3223896888,22527.4186416807,22011.2624966569,22219.7690709418,22765452203.97,429090671120.0,2023-03-07T23:59:59.999Z
2023-03-06T00:00:00.000Z,2023-03-06T23:59:59.999Z,2023-03-06T16:05:00.000Z,2023-03-06T05:07:00.000Z,2781,22436.8167758974,22584.2938087023,22331.3148283697,22429.7575333463,17353192895.19,433122543176.49,2023-03-06T23:59:59.999Z
2023-03-05T00:00:00.000Z,2023-03-05T23:59:59.999Z,2023-03-05T01:49:00.000Z,2023-03-05T02:41:00.000Z,2781,22354.1435981558,22613.685230682,22307.1433134221,22435.5141969735,13317001732.58,433216160786.45,2023-03-05T23:59:59.999Z
2023-03-04T00:00:00.000Z,2023-03-04T23:59:59.999Z,2023-03-04T06:35:00.000Z,2023-03-04T20:49:00.000Z,2781,22362.9230267909,22405.1769535758,22198.9810093926,22353.3500739307,11166012913.03,431607268094.04,2023-03-04T23:59:59.999Z
2023-03-03T00:00:00.000Z,2023-03-03T23:59:59.999Z,2023-03-03T00:04:00.000Z,2023-03-03T21:22:00.000Z,2781,23476.6337312584,23479.3480937656,22213.2375937663,22362.6793319333,26062404610.39,431765463285.53,2023-03-03T23:59:59.999Z
2023-03-02T00:00:00.000Z,2023-03-02T23:59:59.999Z,2023-03-02T00:24:00.000Z,2023-03-02T14:23:00.000Z,2781,23647.0194731298,23739.1380767792,23245.0214332402,23475.4667376623,20386398516.25,453226586695.74,2023-03-02T23:59:59.999Z
2023-03-01T00:00:00.000Z,2023-03-01T23:59:59.999Z,2023-03-01T09:01:00.000Z,2023-03-01T00:57:00.000Z,2781,23150.9299581785,23880.6324628676,23088.6266999013,23646.549899145,24662841199.56,456508161672.8,2023-03-01T23:59:59.999Z
2023-02-28T00:00:00.000Z,2023-02-28T23:59:59.999Z,2023-02-28T16:10:00.000Z,2023-02-28T21:44:00.000Z,2781,23521.8388223949,23585.3840695392,23077.6503704068,23147.3533899085,20535363433.98,446846764116.35,2023-02-28T23:59:59.999Z
2023-02-27T00:00:00.000Z,2023-02-27T23:59:59.999Z,2023-02-27T15:11:00.000Z,2023-02-27T18:35:00.000Z,2781,23561.4506815245,23857.8911252628,23205.8792453501,23522.871914506,22660763494.22,454075216419.73,2023-02-27T23:59:59.999Z
2023-02-26T00:00:00.000Z,2023-02-26T23:59:59.999Z,2023-02-26T20:46:00.000Z,2023-02-26T02:20:00.000Z,2781,23174.1507687151,23654.3673746458,23084.2216397241,23561.2129109163,16644534841.91,454795165822.83,2023-02-26T23:59:59.999Z
2023-02-25T00:00:00.000Z,2023-02-25T23:59:59.999Z,2023-02-25T00:31:00.000Z,2023-02-25T20:50:00.000Z,2781,23200.1258534291,23210.2110723344,22861.5586648141,23175.3756358425,16100721565.07,447323985682.72,2023-02-25T23:59:59.999Z
2023-02-24T00:00:00.000Z,2023-02-24T23:59:59.999Z,2023-02-24T01:19:00.000Z,2023-02-24T19:46:00.000Z,2781,23946.0078636716,24103.7044834567,23007.071326645,23198.1274878832,26811744927.57,447747058643.64,2023-02-24T23:59:59.999Z
2023-02-23T00:00:00.000Z,2023-02-23T23:59:59.999Z,2023-02-23T03:05:00.000Z,2023-02-23T12:08:00.000Z,2781,24190.7189835462,24572.0894214544,23693.9194852587,23947.492523176,30476264066.0,462189287816.46,2023-02-23T23:59:59.999Z
2023-02-22T00:00:00.000Z,2023-02-22T23:59:59.999Z,2023-02-22T00:10:00.000Z,2023-02-22T17:16:00.000Z,2781,24437.4184799228,24472.3397572186,23644.3177157894,24188.8429766943,30199996780.9,466821375594.42,2023-02-22T23:59:59.999Z
2023-02-21T00:00:00.000Z,2023-02-21T23:59:59.999Z,2023-02-21T08:30:00.000Z,2023-02-21T22:06:00.000Z,2781,24833.0489142974,25126.851685722,24200.3641163385,24436.354484576,31252098713.68,471577656114.25,2023-02-21T23:59:59.999Z
2023-02-20T00:00:00.000Z,2023-02-20T23:59:59.999Z,2023-02-20T15:10:00.000Z,2023-02-20T01:16:00.000Z,2781,24336.6233404821,25020.4595125254,23927.9092534735,24829.1475699492,28987376572.9,479132405758.14,2023-02-20T23:59:59.999Z
2023-02-19T00:00:00.000Z,2023-02-19T23:59:59.999Z,2023-02-19T16:16:00.000Z,2023-02-19T23:59:00.000Z,2781,24640.0272214209,25093.0551495442,24327.6416722827,24327.6416722827,25555105669.92,469431477134.26,2023-02-19T23:59:59.999Z
2023-02-18T00:00:00.000Z,2023-02-18T23:59:59.999Z,2023-02-18T18:16:00.000Z,2023-02-18T11:01:00.000Z,2781,24565.2959998509,24798.8355706509,24468.3736308589,24641.2769484258,19625427157.74,475459130854.86,2023-02-18T23:59:59.999Z
2023-02-17T00:00:00.000Z,2023-02-17T23:59:59.999Z,2023-02-17T20:26:00.000Z,2023-02-17T00:04:00.000Z,2781,23621.2824942638,24924.0400603084,23460.7560266313,24565.6019889467,41358451254.72,473972409615.04,2023-02-17T23:59:59.999Z
2023-02-16T00:00:00.000Z,2023-02-16T23:59:59.999Z,2023-02-16T16:06:00.000Z,2023-02-16T23:55:00.000Z,2781,24307.3501977993,25134.1173501961,23602.522501391,23623.4744808063,39316664596.38,455770787833.36,2023-02-16T23:59:59.999Z
2023-02-15T00:00:00.000Z,2023-02-15T23:59:59.999Z,2023-02-15T23:59:00.000Z,2023-02-15T02:52:00.000Z,2781,22220.5853384745,24307.8413284844,22082.7690807679,24307.8413284844,32483312909.3,468947166603.22,2023-02-15T23:59:59.999Z
2023-02-14T00:00:00.000Z,2023-02-14T23:59:59.999Z,2023-02-14T15:16:00.000Z,2023-02-14T14:33:00.000Z,2781,21801.8231464442,22293.1400934501,21632.3939838592,22220.8041436975,26792596580.6,428662088256.18,2023-02-14T23:59:59.999Z
2023-02-13T00:00:00.000Z,2023-02-13T23:59:59.999Z,2023-02-13T07:25:00.000Z,2023-02-13T17:57:00.000Z,2781,21786.9992632743,21898.4138396757,21460.0885038644,21808.1017736009,23918742607.37,420678828415.31,2023-02-13T23:59:59.999Z
2023-02-12T00:00:00.000Z,2023-02-12T23:59:59.999Z,2023-02-12T16:41:00.000Z,2023-02-12T22:10:00.000Z,2781,21870.9025018492,22060.9946065574,21682.8287747068,21788.2039862606,17821046405.57,420274300806.28,2023-02-12T23:59:59.999Z
2023-02-11T00:00:00.000Z,2023-02-11T23:59:59.999Z,2023-02-11T23:35:00.000Z,2023-02-11T00:16:00.000Z,2781,21651.8418620036,21891.4105629778,21618.4497276175,21870.8740640545,16356226232.0,421847190488.29,2023-02-11T23:59:59.999Z
2023-02-10T00:00:00.000Z,2023-02-10T23:59:59.999Z,2023-02-10T03:00:00.000Z,2023-02-10T21:46:00.000Z,2781,21819.0064204049,21941.185603317,21539.3928305144,21651.1837829361,27078406593.87,417588395181.59,2023-02-10T23:59:59.999Z
2023-02-09T00:00:00.000Z,2023-02-09T23:59:59.999Z,2023-02-09T01:03:00.000Z,2023-02-09T22:58:00.000Z,2781,22946.5655186068,22996.4375107837,21773.9746140573,21819.0399147365,32572572185.34,420806214870.32,2023-02-09T23:59:59.999Z
2023-02-08T00:00:00.000Z,2023-02-08T23:59:59.999Z,2023-02-08T01:17:00.000Z,2023-02-08T16:28:00.000Z,2781,23263.4151260445,23367.9592874059,22731.098213301,22939.3987006841,25371367757.61,442391167095.22,2023-02-08T23:59:59.999Z
2023-02-07T00:00:00.000Z,2023-02-07T23:59:59.999Z,2023-02-07T18:02:00.000Z,2023-02-07T00:02:00.000Z,2781,22757.2675418795,23310.975071817,22756.2582769853,23264.2911876916,27187964470.79,448636152158.08,2023-02-07T23:59:59.999Z
2023-02-06T00:00:00.000Z,2023-02-06T23:59:59.999Z,2023-02-06T16:23:00.000Z,2023-02-06T23:22:00.000Z,2781,22954.0219641729,23119.2799503201,22692.0259840498,22760.1092633004,23825006541.98,438893838655.36,2023-02-06T23:59:59.999Z
2023-02-05T00:00:00.000Z,2023-02-05T23:59:59.999Z,2023-02-05T08:43:00.000Z,2023-02-05T19:29:00.000Z,2781,23332.2476009512,23423.4356115385,22841.7603125011,22955.6660162974,19564262605.21,442642331535.6,2023-02-05T23:59:59.999Z
2023-02-04T00:00:00.000Z,2023-02-04T23:59:59.999Z,2023-02-04T13:21:00.000Z,2023-02-04T05:29:00.000Z,2781,23446.3207269726,23556.9488050843,23291.7956588871,23331.8471370961,15639298538.02,449874457148.45,2023-02-04T23:59:59.999Z
2023-02-03T00:00:00.000Z,2023-02-03T23:59:59.999Z,2023-02-03T16:37:00.000Z,2023-02-03T20:07:00.000Z,2781,23469.41250714,23678.1025764755,23279.9557414819,23449.3216215066,27083066007.24,452119476083.72,2023-02-03T23:59:59.999Z
2023-02-02T00:00:00.000Z,2023-02-02T23:59:59.999Z,2023-02-02T01:01:00.000Z,2023-02-02T23:58:00.000Z,2781,23720.8235172754,24167.210232202,23468.5952825572,23471.8704412794,32066936882.0,452534728124.07,2023-02-02T23:59:59.999Z
2023-02-01T00:00:00.000Z,2023-02-01T23:59:59.999Z,2023-02-01T22:25:00.000Z,2023-02-01T19:35:00.000Z,2781,23137.8351361505,23764.5392941707,22877.7506525544,23723.7696534847,26683255504.12,457370104397.91,2023-02-01T23:59:59.999Z
2023-01-31T00:00:00.000Z,2023-01-31T23:59:59.999Z,2023-01-31T22:55:00.000Z,2023-01-31T00:39:00.000Z,2781,22840.7960906001,23225.0214038861,22765.5684994408,23139.2839099123,22837828665.18,446082285297.19,2023-01-31T23:59:59.999Z
2023-01-30T00:00:00.000Z,2023-01-30T23:59:59.999Z,2023-01-30T00:14:00.000Z,2023-01-30T22:43:00.000Z,2781,23774.6489666425,23789.3471776992,22657.5821676256,22840.13890738,27205595568.34,440298767854.8,2023-01-30T23:59:59.999Z
2023-01-29T00:00:00.000Z,2023-01-29T23:59:59.999Z,2023-01-29T19:49:00.000Z,2023-01-29T00:20:00.000Z,2781,23031.4492355484,23919.8897614092,22985.0701306067,23774.5659233116,27423687259.16,458291157032.27,2023-01-29T23:59:59.999Z
2023-01-28T00:00:00.000Z,2023-01-28T23:59:59.999Z,2023-01-28T00:46:00.000Z,2023-01-28T13:22:00.000Z,2781,23079.9643325667,23165.8958842871,22908.846464031,23031.0897756201,14712928379.05,443936922524.46,2023-01-28T23:59:59.999Z
2023-01-27T00:00:00.000Z,2023-01-27T23:59:59.999Z,2023-01-27T20:10:00.000Z,2023-01-27T02:02:00.000Z,2781,23030.7172856477,23417.7209724548,22654.5934084354,23078.7278799123,25383335641.41,444830940521.37,2023-01-27T23:59:59.999Z
2023-01-26T00:00:00.000Z,2023-01-26T23:59:59.999Z,2023-01-26T01:06:00.000Z,2023-01-26T16:13:00.000Z,2781,23108.9544867974,23237.0771689385,22911.3733512336,23032.7775987084,26357839322.09,443923229458.15,2023-01-26T23:59:59.999Z
2023-01-25T00:00:00.000Z,2023-01-25T23:59:59.999Z,2023-01-25T22:08:00.000Z,2023-01-25T01:31:00.000Z,2781,22639.2671675238,23722.0988087405,22406.0755024251,23117.8596819048,30685366708.98,445539806080.32,2023-01-25T23:59:59.999Z
2023-01-24T00:00:00.000Z,2023-01-24T23:59:59.999Z,2023-01-24T06:09:00.000Z,2023-01-24T23:23:00.000Z,2781,22929.6277356711,23134.0120466001,22549.744513105,22636.4693111916,26405069714.63,436237993963.62,2023-01-24T23:59:59.999Z
2023-01-23T00:00:00.000Z,2023-01-23T23:59:59.999Z,2023-01-23T18:41:00.000Z,2023-01-23T15:01:00.000Z,2781,22721.0886719506,23126.4863454372,22654.3044696935,22934.4314643586,26518700511.88,441960667796.84,2023-01-23T23:59:59.999Z
2023-01-22T00:00:00.000Z,2023-01-22T23:59:59.999Z,2023-01-22T15:19:00.000Z,2023-01-22T21:22:00.000Z,2781,22777.9866614216,23056.7296500712,22387.9004628596,22720.4156286391,24746386230.08,437814457018.41,2023-01-22T23:59:59.999Z
2023-01-21T00:00:00.000Z,2023-01-21T23:59:59.999Z,2023-01-21T19:56:00.000Z,2023-01-21T00:19:00.000Z,2781,22677.4273824208,23282.3477215567,22511.8331340198,22777.6258091326,32442278429.47,438896650641.24,2023-01-21T23:59:59.999Z
2023-01-20T00:00:00.000Z,2023-01-20T23:59:59.999Z,2023-01-20T23:23:00.000Z,2023-01-20T08:34:00.000Z,2781,21085.3723377742,22692.3578308247,20919.1259836821,22676.5517588881,28799154319.0,436928964721.29,2023-01-20T23:59:59.999Z
2023-01-19T00:00:00.000Z,2023-01-19T23:59:59.999Z,2023-01-19T20:28:00.000Z,2023-01-19T00:01:00.000Z,2781,20686.7459060612,21163.0122882271,20685.3811808606,21086.7933048443,21152848260.91,406279900295.03,2023-01-19T23:59:59.999Z
2023-01-18T00:00:00.000Z,2023-01-18T23:59:59.999Z,2023-01-18T14:23:00.000Z,2023-01-18T16:47:00.000Z,2781,21161.0508997004,21564.5022129631,20541.544548774,20688.7807298648,30005625417.91,398593008037.23,2023-01-18T23:59:59.999Z
2023-01-17T00:00:00.000Z,2023-01-17T23:59:59.999Z,2023-01-17T14:26:00.000Z,2023-01-17T01:23:00.000Z,2781,21175.8332602034,21438.6593578573,20978.5336242013,21161.5192199162,24999983362.13,407681958151.49,2023-01-17T23:59:59.999Z
2023-01-16T00:00:00.000Z,2023-01-16T23:59:59.999Z,2023-01-16T20:36:00.000Z,2023-01-16T15:16:00.000Z,2781,20882.2238766183,21360.8742794775,20715.7462141198,21169.6327806964,26792494049.72,407818156777.17,2023-01-16T23:59:59.999Z
2023-01-15T00:00:00.000Z,2023-01-15T23:59:59.999Z,2023-01-15T17:29:00.000Z,2023-01-15T09:13:00.000Z,2781,20977.484195217,20993.7486958535,20606.9872383992,20880.7992021821,19298407543.31,402234665331.34,2023-01-15T23:59:59.999Z
2023-01-14T00:00:00.000Z,2023-01-14T23:59:59.999Z,2023-01-14T14:37:00.000Z,2023-01-14T00:04:00.000Z,2781,19910.5366570655,21075.1418299576,19907.8284635609,20976.2997963921,38967784639.05,404052157141.45,2023-01-14T23:59:59.999Z
2023-01-13T00:00:00.000Z,2023-01-13T23:59:59.999Z,2023-01-13T22:44:00.000Z,2023-01-13T00:46:00.000Z,2781,18868.9059378421,19964.3227279643,18753.1642622097,19909.5746247506,29225029693.63,383483154873.96,2023-01-13T23:59:59.999Z
2023-01-12T00:00:00.000Z,2023-01-12T23:59:59.999Z,2023-01-12T21:01:00.000Z,2023-01-12T00:03:06.000Z,2781,17944.0687339418,19030.0876366382,17919.2317058357,18869.5880552656,34971338710.34,363433455081.14,2023-01-12T23:59:59.999Z
2023-01-11T00:00:00.000Z,2023-01-11T23:59:59.999Z,2023-01-11T23:38:06.000Z,2023-01-11T15:58:00.000Z,2781,17446.3602720665,17987.6335493591,17337.9949977618,17943.8976294683,18307186523.32,346303640718.24,2023-01-11T23:59:59.999Z
2023-01-10T00:00:00.000Z,2023-01-10T23:59:59.999Z,2023-01-10T21:44:00.000Z,2023-01-10T02:43:00.000Z,2781,17192.9500944457,17484.7208924046,17162.991166987,17446.292509299,15808338948.79,335987993694.35,2023-01-10T23:59:59.999Z
2023-01-09T00:00:00.000Z,2023-01-09T23:59:59.999Z,2023-01-09T18:34:00.000Z,2023-01-09T00:00:00.000Z,2781,17093.9924981225,17389.9575514263,17093.9924981225,17196.5540596395,18624736865.86,331160060320.4,2023-01-09T23:59:59.999Z
2023-01-08T00:00:00.000Z,2023-01-08T23:59:59.999Z,2023-01-08T23:59:00.000Z,2023-01-08T00:43:00.000Z,2781,16954.1457258497,17091.1444513033,16924.0500739253,17091.1444513033,9768827914.24,329114546384.43,2023-01-08T23:59:59.999Z
2023-01-07T00:00:00.000Z,2023-01-07T23:59:59.999Z,2023-01-07T01:04:00.000Z,2023-01-07T12:13:00.000Z,2781,16952.1169810139,16975.016620564,16914.1920801119,16955.0774351588,7714767174.32,326478273136.7,2023-01-07T23:59:59.999Z
2023-01-06T00:00:00.000Z,2023-01-06T23:59:59.999Z,2023-01-06T20:19:00.000Z,2023-01-06T13:14:00.000Z,2781,16836.4734391553,16991.9941211705,16716.4222705217,16951.9695166293,14413662912.72,326401273258.71,2023-01-06T23:59:59.999Z
2023-01-05T00:00:00.000Z,2023-01-05T23:59:59.999Z,2023-01-05T00:21:00.000Z,2023-01-05T14:04:00.000Z,2781,16863.4720568268,16884.0221164772,16790.2830406922,16836.7366452236,13692758566.46,324163886549.58,2023-01-05T23:59:59.999Z
2023-01-04T00:00:00.000Z,2023-01-04T23:59:59.999Z,2023-01-04T18:55:00.000Z,2023-01-04T00:50:00.000Z,2781,16680.2049714198,16964.5851854634,16667.7637251347,16863.2382582833,18421743322.29,324658229824.73,2023-01-04T23:59:59.999Z
2023-01-03T00:00:00.000Z,2023-01-03T23:59:59.999Z,2023-01-03T06:32:00.000Z,2023-01-03T17:48:00.000Z,2781,16688.8472638592,16760.4474659846,16622.3703282563,16679.8570798137,13903079206.51,321111951654.75,2023-01-03T23:59:59.999Z
2023-01-02T00:00:00.000Z,2023-01-02T23:59:59.999Z,2023-01-02T08:19:00.000Z,2023-01-02T01:19:00.000Z,2781,16625.5103941178,16759.3440229184,16572.2288497449,16688.4713573932,12097775226.69,321262452550.73,2023-01-02T23:59:59.999Z
2023-01-01T00:00:00.000Z,2023-01-01T23:59:59.999Z,2023-01-01T23:18:00.000Z,2023-01-01T09:10:00.000Z,2781,16547.9143978715,16630.4390027154,16521.233430529,16625.0805507091,9244361699.89,320025834692.4,2023-01-01T23:59:59.999Z
