day,unique_addresses,total_transactions,total_value_transferred,average_fee,total_size_used,coinbase_transactions
2023-01-01 00:00:00.000 UTC,974331,4845769,310372565.31418604,0.0005217445796983236,157820698698,424
2023-01-02 00:00:00.000 UTC,1149776,7138414,557316439.8710327,0.0006237246337043498,274310614963,426
2023-01-03 00:00:00.000 UTC,1327304,7923651,462806519.3803008,0.0006566626955023527,290736899401,433
2023-01-04 00:00:00.000 UTC,1269842,6830936,321050784.5246773,0.0007659400469745295,230428423673,384
2023-01-05 00:00:00.000 UTC,1303305,8085786,582399720.7411479,0.0006132740085577301,275686446565,434
2023-01-06 00:00:00.000 UTC,1314906,6802181,393743139.189758,0.000704920973856795,242176532005,499
2023-01-07 00:00:00.000 UTC,1121372,5428073,305261058.393008,0.0005190354358277828,166426846026,423
2023-01-08 00:00:00.000 UTC,1056854,5692645,222589166.26347798,0.0005245526903714983,204622692926,433
2023-01-09 00:00:00.000 UTC,1317034,5847215,374226316.03240615,0.0005882799357488763,178675123956,424
2023-01-10 00:00:00.000 UTC,1539063,8440481,375632416.94187975,0.0005963323277299084,337963782879,457
2023-01-11 00:00:00.000 UTC,1274205,6726228,250059124.5313551,0.000552320146994732,212850973916,405
2023-01-12 00:00:00.000 UTC,1432618,6340129,203353712.25213227,0.0008584468962823765,214393820204,406
2023-01-13 00:00:00.000 UTC,1484667,8116891,322036794.16930914,0.0006889205145073869,298924970169,421
2023-01-14 00:00:00.000 UTC,1380614,7520173,379233322.63546956,0.0006970428553917389,263255385584,454
2023-01-15 00:00:00.000 UTC,1109287,6350401,340288951.58967716,0.00047890603387251875,212616409909,440
2023-01-16 00:00:00.000 UTC,1334148,5223368,255278936.65544438,0.00047840231986145905,153848931274,398
2023-01-17 00:00:00.000 UTC,1371134,6443130,360909421.65629196,0.0006478619149419506,204281082189,430
2023-01-18 00:00:00.000 UTC,1323346,7251119,392943685.8971977,0.0009749916646354843,247195177514,369
2023-01-19 00:00:00.000 UTC,1303838,7676032,388658050.43608516,0.0007587071443552752,270063045426,395
2023-01-20 00:00:00.000 UTC,1279677,6845536,332026006.60298884,0.0011991710390478658,232687346963,365
2023-01-21 00:00:00.000 UTC,1246935,6532422,348508425.3080728,0.0008549551261308997,232133579993,369
2023-01-22 00:00:00.000 UTC,1184914,9216566,412381328.9631493,0.001267990738747916,392317658851,416
2023-01-23 00:00:00.000 UTC,1288010,6607035,194592947.50926796,0.0007397922059592491,229600757290,424
2023-01-24 00:00:00.000 UTC,1272723,5775037,277023388.8951711,0.0011416755333844035,175852223564,347
2023-01-25 00:00:00.000 UTC,1306166,6737827,359569362.5376808,0.0009772690383012287,220305077808,495
2023-01-26 00:00:00.000 UTC,1269281,6182553,291918981.6997202,0.0006001967411391542,198416866134,408
2023-01-27 00:00:00.000 UTC,1303145,6246390,299229718.627657,0.0008093094060409582,190527180345,410
2023-01-28 00:00:00.000 UTC,1200174,6488603,443887012.86873084,0.000636104705453545,227185452472,449
2023-01-29 00:00:00.000 UTC,1153181,5797596,423955097.68787867,0.0008763731832435082,192439259180,436
2023-01-30 00:00:00.000 UTC,1303571,6106074,234881087.71550974,0.000656578033287853,192565606383,374
2023-01-31 00:00:00.000 UTC,1305190,4185198,105364116.55288759,0.0008301115345032699,110672516699,319
2023-02-01 00:00:00.000 UTC,1459869,7381356,239959088.4575724,0.0011215319580698158,257496729313,360
2023-02-02 00:00:00.000 UTC,1414207,6358011,245008705.4859178,0.0009258139056317682,207784931053,387
2023-02-03 00:00:00.000 UTC,1363224,6220803,275230055.5202807,0.001420793543349659,205506597160,369
2023-02-04 00:00:00.000 UTC,1332196,7345826,187372892.0487428,0.0006235220780318341,250206367747,377
2023-02-05 00:00:00.000 UTC,1104657,5323371,201026766.27870885,0.001205374590429579,203394606929,411
2023-02-06 00:00:00.000 UTC,1243741,5999423,157380985.80018535,0.0009245204294262829,248497085964,391
2023-02-07 00:00:00.000 UTC,1251919,6088773,175289121.78179255,0.0007608372190685741,196493215622,376
2023-02-08 00:00:00.000 UTC,1265659,5126905,92912456.31497796,0.0008708061259590274,142835938456,382
2023-02-09 00:00:00.000 UTC,1451973,5703997,116346273.51164648,0.0012311579360367519,188391816601,435
2023-02-10 00:00:00.000 UTC,1221081,3901132,60947690.389517255,0.0016192229789561544,81111228341,412
2023-02-11 00:00:00.000 UTC,1163970,5856080,126355287.09973545,0.0008080017630052328,187271394007,393
2023-02-12 00:00:00.000 UTC,1163165,6512280,118559944.62273766,0.0007124774442192201,228992092501,432
2023-02-13 00:00:00.000 UTC,1281858,3894421,67274152.79600528,0.001030465575593896,95504040302,417
2023-02-14 00:00:00.000 UTC,1218290,4004723,86529624.89030427,0.0010612965107649319,98936139924,409
2023-02-15 00:00:00.000 UTC,1350133,5579391,86477648.44007444,0.0011279663797877592,152687448290,440
2023-02-16 00:00:00.000 UTC,1510819,7177232,166559221.35329983,0.0016346086467206868,247121007811,486
2023-02-17 00:00:00.000 UTC,1428137,8088241,135522454.08090535,0.0015446437471497627,294734425237,449
2023-02-18 00:00:00.000 UTC,1392056,7288600,141138370.87315065,0.0007223748382789136,293219625490,464
2023-02-19 00:00:00.000 UTC,1208696,7050083,175641465.39706767,0.0013910628985842766,309327296584,421
2023-02-20 00:00:00.000 UTC,1220547,4893477,91438721.9499317,0.0007739373213259335,144282087268,408
2023-02-21 00:00:00.000 UTC,1369895,6459604,174516825.34366956,0.0008993780064629483,284229146211,479
2023-02-22 00:00:00.000 UTC,1259977,6478948,153379220.69614685,0.0006788081927714212,209427980814,375
2023-02-23 00:00:00.000 UTC,1462661,8079589,255981497.2313246,0.0006940731781641309,335256303079,458
2023-02-24 00:00:00.000 UTC,1307320,5657651,166293820.01496786,0.0009043858296826304,179649733707,373
2023-02-25 00:00:00.000 UTC,1104082,5310125,215081848.45964128,0.0006406178990664207,162557203300,288
2023-02-26 00:00:00.000 UTC,1241049,7802952,375985488.09669507,0.0008671556122259925,288527592045,468
2023-02-27 00:00:00.000 UTC,1280055,3813277,106248279.25654303,0.0015928264779480096,109671806984,375
2023-02-28 00:00:00.000 UTC,1327857,7938974,312940529.2059899,0.0010762047748135788,286803998437,377
2023-03-01 00:00:00.000 UTC,1502614,10894316,533606614.2555633,0.0008500034749543222,416773901842,494
2023-03-02 00:00:00.000 UTC,1286250,5944148,379964338.9272724,0.0008521632503750075,201379707782,399
2023-03-03 00:00:00.000 UTC,1489272,9592154,653087030.4459821,0.0008410451086503264,357563039027,451
2023-03-04 00:00:00.000 UTC,1241741,7638392,451231489.639998,0.0006829529814312072,283728659823,419
2023-03-05 00:00:00.000 UTC,1317647,8495538,426610353.64798486,0.0013966363753232889,444891571696,434
2023-03-06 00:00:00.000 UTC,1243715,4333409,211785977.94825655,0.0010451899052385761,123850642072,361
2023-03-07 00:00:00.000 UTC,1471983,9688469,576338664.4786344,0.0010647249357241158,386909480982,452
2023-03-08 00:00:00.000 UTC,1213838,6120102,305368186.28500134,0.0011481060613647114,214153364777,361
2023-03-09 00:00:00.000 UTC,1254184,2592667,24687816.421813425,0.0027150242147334553,38174351305,370
2023-03-10 00:00:00.000 UTC,1344404,7908933,339040298.08256483,0.0017659869190433661,276114322308,366
2023-03-11 00:00:00.000 UTC,1324975,7774498,483898393.9260389,0.001197314066490182,263955737924,448
2023-03-12 00:00:00.000 UTC,1208560,5960693,373229303.87609,0.0011628782959716643,219822767471,442
2023-03-13 00:00:00.000 UTC,1352563,6396982,348601703.87121654,0.0013505687046829328,214297483416,435
2023-03-14 00:00:00.000 UTC,1375842,5970904,202014852.7882163,0.005120881160870915,173183218677,399
2023-03-15 00:00:00.000 UTC,1374172,7297567,260217654.63980344,0.0014517471174050314,248699028967,421
2023-03-16 00:00:00.000 UTC,1209872,3093789,72509342.87907474,0.002460246103687172,68356046858,365
2023-03-17 00:00:00.000 UTC,1438416,6055300,140764428.1710076,0.001848654467651584,172980347385,405
2023-03-18 00:00:00.000 UTC,1304337,8337451,406781902.38001895,0.0016942565993193148,313762130020,452
2023-03-19 00:00:00.000 UTC,1137670,7615712,281845507.23775154,0.0026799296007383624,376189475274,418
2023-03-20 00:00:00.000 UTC,1385725,6762621,314646848.41891664,0.001474338657687646,228920716283,417
2023-03-21 00:00:00.000 UTC,1337058,6969615,293392693.9638926,0.0016315356858979853,243186914049,394
2023-03-22 00:00:00.000 UTC,1259042,6032423,155272295.10870975,0.005251883374867825,204598213910,432
2023-03-23 00:00:00.000 UTC,1224469,3289993,47726050.53271853,0.002782560323499219,73033145995,504
2023-03-24 00:00:00.000 UTC,1186650,2439513,24949548.329965666,0.0017321632425324903,30798242890,445
2023-03-25 00:00:00.000 UTC,1226730,7749496,176479456.45745915,0.0026188317178356246,257353390843,429
2023-03-26 00:00:00.000 UTC,1112737,8418831,427497428.270851,0.0020141088402725496,312565288594,398
2023-03-27 00:00:00.000 UTC,1369256,6764922,340632173.14000136,0.001687394085443808,256118154005,413
2023-03-28 00:00:00.000 UTC,1308748,7256373,278931156.57742465,0.003232701385663149,238775037172,379
2023-03-29 00:00:00.000 UTC,1352825,9285463,348233091.47597,0.0015606498930833942,361317954681,393
2023-03-30 00:00:00.000 UTC,1387772,17207100,281748642.3382822,0.0026475449550656103,728710264266,432
2023-03-31 00:00:00.000 UTC,1382036,7214701,85418316.87790415,0.0020912802868351173,191836438376,386
2023-04-01 00:00:00.000 UTC,1370518,9571012,116933063.14532392,0.002108205663816994,373484278355,386
2023-04-02 00:00:00.000 UTC,1352047,11450460,200539765.1904255,0.0020128267681122254,444176914091,408
2023-04-03 00:00:00.000 UTC,1297837,7238053,252502177.4060804,0.0016088374073732965,216121779470,361
2023-04-04 00:00:00.000 UTC,1535265,10789135,467380718.3867177,0.0017535192209263647,336878583444,442
2023-04-05 00:00:00.000 UTC,1297959,7306466,269422498.36616135,0.001936114060445953,198539689442,396
2023-04-06 00:00:00.000 UTC,1379377,10844056,361879660.8813663,0.001903392205547557,344134777059,431
2023-04-07 00:00:00.000 UTC,1329497,8791448,355241151.3479043,0.0013643644685119559,258276368405,374
2023-04-08 00:00:00.000 UTC,1187324,8296844,220115616.27448896,0.001387232292745349,246223637920,402
2023-04-09 00:00:00.000 UTC,1220763,7257978,366100555.9073051,0.001167309152925359,273580323582,395
2023-04-10 00:00:00.000 UTC,1251546,7146095,325035405.3394236,0.0016686179145701556,201281619536,342
2023-04-11 00:00:00.000 UTC,1584906,10020858,492953043.26270354,0.0017355515037885242,319443597111,417
2023-04-12 00:00:00.000 UTC,1434553,10200189,571368951.0651411,0.0011860674788595382,328037724376,484
2023-04-13 00:00:00.000 UTC,1404684,9139996,357478018.05278903,0.0016635480778229824,272838438671,376
2023-04-14 00:00:00.000 UTC,1393003,8531864,248283793.2662226,0.0016204915883328969,223687334625,399
2023-04-15 00:00:00.000 UTC,1384826,8703715,339818464.3577348,0.0011016236438681068,292159208979,436
2023-04-16 00:00:00.000 UTC,1111887,7797523,341463620.15714574,0.0011485492969255497,287981986518,340
2023-04-17 00:00:00.000 UTC,1332942,9227828,451242435.46546715,0.0012031146479357523,343883255122,403
2023-04-18 00:00:00.000 UTC,1507473,9314163,489862207.4547356,0.001158430190254382,385984330352,441
2023-04-19 00:00:00.000 UTC,1341522,9922093,432668442.366676,0.002928832283439842,515434117739,379
2023-04-20 00:00:00.000 UTC,1288099,7959580,404114353.1408137,0.0010887707193771071,228648688357,367
2023-04-21 00:00:00.000 UTC,1444812,11533378,460920043.3384363,0.0009185131845604826,380538465191,390
2023-04-22 00:00:00.000 UTC,1263191,9728713,482987001.6931364,0.0006613024860626496,309020852892,412
2023-04-23 00:00:00.000 UTC,1151050,7880129,408262463.5522746,0.000648464699060128,231418482129,396
2023-04-24 00:00:00.000 UTC,1313595,11403666,640124395.3851042,0.0042208252040886254,648784298449,374
2023-04-25 00:00:00.000 UTC,1241026,7269325,192134955.08634287,0.0013684935349388974,188656871903,342
2023-04-26 00:00:00.000 UTC,1198614,6599301,206476683.93542495,0.0015050860631330926,160283917700,350
2023-04-27 00:00:00.000 UTC,1209232,4880654,39309422.76157556,0.002177888385851714,75449096207,373
2023-04-28 00:00:00.000 UTC,1304893,7735251,73499950.05638666,0.0017503127100271109,172153873440,396
2023-04-29 00:00:00.000 UTC,1104550,6045108,94288848.45070821,0.0016356139765560762,121868765893,363
2023-04-30 00:00:00.000 UTC,1065992,5819623,58798318.75402928,0.00188149188345705,112151172660,401
2023-05-01 00:00:00.000 UTC,1279121,8250387,87411021.9749813,0.003285906143209714,185085911818,485
2023-05-02 00:00:00.000 UTC,1082767,4505578,50291037.378856756,0.00812526574859191,70347749958,363
2023-05-03 00:00:00.000 UTC,1307235,6451906,84071731.31184629,0.006639486200934827,134466562667,370
2023-05-04 00:00:00.000 UTC,1225497,5567700,104450043.22713715,0.0043419173754960065,145514095086,392
2023-05-05 00:00:00.000 UTC,1096858,5020711,59496995.907624185,0.009129866482225331,109502354308,324
2023-05-06 00:00:00.000 UTC,1036334,4775869,25563274.838116486,0.008686139374614283,56015171483,398
2023-05-07 00:00:00.000 UTC,769372,3221041,52509660.68951492,0.010353974636802245,23071442156,367
2023-05-08 00:00:00.000 UTC,920885,3957729,44548895.40119105,0.033896363954871604,56278226994,366
2023-05-09 00:00:00.000 UTC,1024419,4192962,41990632.52151671,0.016308673378103388,47903209284,406
2023-05-10 00:00:00.000 UTC,1218825,7623685,132711308.38137186,0.01425416727181524,156393926638,432
2023-05-11 00:00:00.000 UTC,1096135,7898142,303113948.29887915,0.00982307644658583,196678996627,398
2023-05-12 00:00:00.000 UTC,1072791,6482196,241868471.92929944,0.013150120738221862,147857640139,384
2023-05-13 00:00:00.000 UTC,962302,7227424,253242927.38651246,0.009640877261916866,221843693553,395
2023-05-14 00:00:00.000 UTC,1108135,9508137,428244914.5868569,0.01309938420200108,468412987444,473
2023-05-15 00:00:00.000 UTC,1082187,6659796,333558953.8548787,0.005243619780771003,166098508024,394
2023-05-16 00:00:00.000 UTC,1114465,6274455,166656379.48041055,0.004895871963450446,115337439473,411
2023-05-17 00:00:00.000 UTC,1140470,7165750,216356128.37300333,0.004943457275045903,155198592176,435
2023-05-18 00:00:00.000 UTC,1096303,5314714,82494606.59608658,0.006233282742367643,90488711282,389
2023-05-19 00:00:00.000 UTC,1202318,7929973,291584226.5998295,0.007518355292153467,200301779276,404
2023-05-20 00:00:00.000 UTC,1008077,5497019,195677598.67571414,0.004950473814243928,114958415076,357
2023-05-21 00:00:00.000 UTC,1049873,5952747,217455046.75648448,0.0036434205654834466,144363375430,412
2023-05-22 00:00:00.000 UTC,1122603,6530389,179637028.290084,0.004277699585341603,136571556101,389
2023-05-23 00:00:00.000 UTC,1176200,7400578,159458326.74245784,0.00728656948069029,236276146999,418
2023-05-24 00:00:00.000 UTC,1166183,10947343,209281436.77741784,0.022028992384315105,771575037419,425
2023-05-25 00:00:00.000 UTC,1270100,6483615,169297073.1866018,0.005006625148802211,140336267440,413
2023-05-26 00:00:00.000 UTC,1350730,6923097,144716478.4599188,0.004839774781195517,143072184007,424
2023-05-27 00:00:00.000 UTC,1256667,6972509,122985754.30079995,0.003859842720527405,174183762746,417
2023-05-28 00:00:00.000 UTC,1252789,6298346,95811622.55351189,0.003590851865878739,153777373194,480
2023-05-29 00:00:00.000 UTC,1259408,6716567,163066050.40647104,0.0037033490276356753,147578069145,450
2023-05-30 00:00:00.000 UTC,1345390,6668467,211827547.89622343,0.004036007608424963,140330177092,439
2023-05-31 00:00:00.000 UTC,1307361,7175429,233818594.63066238,0.0044319498621770495,167686510551,425
2023-06-01 00:00:00.000 UTC,1251170,6320251,196213666.77062583,0.0043417125642159805,140531664042,384
2023-06-02 00:00:00.000 UTC,1355695,7641634,259055636.3725946,0.003985757086809144,181025747587,455
2023-06-03 00:00:00.000 UTC,1188808,10079761,117387186.06667861,0.007162640846089197,503483765764,359
2023-06-04 00:00:00.000 UTC,1202444,5818298,101696873.39408566,0.002787119148219939,141387858693,427
2023-06-05 00:00:00.000 UTC,1165462,5953344,125669766.26519546,0.005322375110976368,142883362567,395
2023-06-06 00:00:00.000 UTC,1354893,8213675,134144373.51674253,0.008833934892812341,219637381442,413
2023-06-07 00:00:00.000 UTC,1348488,5265139,43247615.10422976,0.008246289800671916,104669064103,390
2023-06-08 00:00:00.000 UTC,1304706,6270646,93592085.47011074,0.004914738348036318,180643672835,443
2023-06-09 00:00:00.000 UTC,1356783,6207127,105747849.35233301,0.0048375300292663095,171937084587,481
2023-06-10 00:00:00.000 UTC,1250247,5111643,77311674.60632966,0.0044107517624411416,146461656692,433
2023-06-11 00:00:00.000 UTC,1167354,5848940,147090608.47283038,0.0029862718607798306,177321493041,440
2023-06-12 00:00:00.000 UTC,1288245,5704434,110721471.91978812,0.003850389664750541,185053344075,445
2023-06-13 00:00:00.000 UTC,1301171,5624599,60814296.63228096,0.004180736435700696,205643641123,393
2023-06-14 00:00:00.000 UTC,1153834,4480752,51410634.068336785,0.002869074874820181,105648718206,344
2023-06-15 00:00:00.000 UTC,1282121,7408109,92019050.5941848,0.0037242323294663687,265842238531,418
2023-06-16 00:00:00.000 UTC,1370219,7173349,91294622.07254574,0.002739358597578309,154793278795,441
2023-06-17 00:00:00.000 UTC,1222583,5282503,49358111.74934317,0.0024182785985658603,103079645146,411
2023-06-18 00:00:00.000 UTC,1288908,5571745,84677203.41146076,0.0020804625807174823,149927494533,429
2023-06-19 00:00:00.000 UTC,1240538,6773596,105317212.54723777,0.0024455893927974814,210696573934,399
2023-06-20 00:00:00.000 UTC,1386904,5930995,122299199.4370226,0.002295824250597105,127952834884,381
2023-06-21 00:00:00.000 UTC,1265027,4798786,65765062.47112735,0.002414711206073784,88233053333,336
2023-06-22 00:00:00.000 UTC,1408425,7130065,97625561.15670626,0.0025289364702720087,177961576381,397
2023-06-23 00:00:00.000 UTC,1317006,6531498,89564667.32205972,0.002651190283406878,164535862618,365
2023-06-24 00:00:00.000 UTC,1404359,9299209,180401921.04641435,0.002604706192921391,316463493136,422
2023-06-25 00:00:00.000 UTC,1342732,7424232,131975582.84837481,0.0026303500969943852,300342687716,417
2023-06-26 00:00:00.000 UTC,1398094,8245715,179496668.0784384,0.00330936707067502,303869354666,440
2023-06-27 00:00:00.000 UTC,1351378,7520413,153216997.9917423,0.002890936720295937,213897728837,402
2023-06-28 00:00:00.000 UTC,1142003,6626543,91058234.41393258,0.003808397128665823,180803965738,322
2023-06-29 00:00:00.000 UTC,1385480,7447198,115506220.65600906,0.002296911134445479,200057816460,447
2023-06-30 00:00:00.000 UTC,1469620,8601556,255495033.20069644,0.002616680029209583,250658233083,492
2023-07-01 00:00:00.000 UTC,1251716,7254824,193403599.19605726,0.00212560983133424,235516054456,373
2023-07-02 00:00:00.000 UTC,1290828,7453612,196657274.29517844,0.002000941094479993,339245094236,526
2023-07-03 00:00:00.000 UTC,1293347,6827300,138825133.3362836,0.001992571967816016,172976234339,401
2023-07-04 00:00:00.000 UTC,1293842,7308543,162471539.5836705,0.002093304417351096,220086185382,463
2023-07-05 00:00:00.000 UTC,1376428,8344132,122067789.11520997,0.0018354669048944066,218873880474,466
2023-07-06 00:00:00.000 UTC,1346458,7625795,161089524.3814022,0.0017945338411431316,196319960794,472
2023-07-07 00:00:00.000 UTC,1487147,8356689,196331112.95269817,0.0016387225908765862,224982662475,537
2023-07-08 00:00:00.000 UTC,1414521,7381387,168215768.87549973,0.0015612160966386808,204279162172,529
2023-07-09 00:00:00.000 UTC,1445479,7321336,167759039.91007048,0.0016180525637519477,220747468467,529
2023-07-10 00:00:00.000 UTC,1296763,6955953,167613626.9255991,0.0012775601009235964,175576656098,488
2023-07-11 00:00:00.000 UTC,1314161,7373888,116179719.90746786,0.0020699086257616912,207012224844,439
2023-07-12 00:00:00.000 UTC,1389261,8039089,171227520.66363493,0.0020022491061846837,228240624804,448
2023-07-13 00:00:00.000 UTC,1217618,6873309,138008799.0431452,0.001894910576895374,175095759616,405
2023-07-14 00:00:00.000 UTC,1412461,7990335,150221013.3715215,0.0015621766942587592,197046955980,453
2023-07-15 00:00:00.000 UTC,1353686,8239864,150024656.90101427,0.0011480116004220233,223956822335,434
2023-07-16 00:00:00.000 UTC,1379338,6930128,143922583.66418877,0.0010207764251251564,171843474503,501
2023-07-17 00:00:00.000 UTC,1331551,6842216,100397439.0360806,0.0010897493190129854,174854486542,397
2023-07-18 00:00:00.000 UTC,1465136,8142386,141935764.27812085,0.001148928382195361,206053244812,545
2023-07-19 00:00:00.000 UTC,1385511,8082213,128098924.93114352,0.0011551324553399091,203312019278,488
2023-07-20 00:00:00.000 UTC,1259722,6513345,89385076.94766632,0.0014403452956353263,157144535713,425
2023-07-21 00:00:00.000 UTC,1186821,7166175,128785288.00458097,0.0014543695224132436,176505742881,368
2023-07-22 00:00:00.000 UTC,1202523,5298962,62587844.475123204,0.001765711099425931,246465192218,401
2023-07-23 00:00:00.000 UTC,1311964,7683061,178714608.56884152,0.0014051891439166603,209616590243,462
2023-07-24 00:00:00.000 UTC,1348098,7482127,259652179.9715112,0.0015796157792750461,207530213153,476
2023-07-25 00:00:00.000 UTC,1359063,8056260,197523480.66493782,0.0019911864074360977,258503527376,452
2023-07-26 00:00:00.000 UTC,1444453,7585465,291355978.9178519,0.0013269367140181711,209214169408,484
2023-07-27 00:00:00.000 UTC,1327737,9427693,255602850.74891278,0.0016923867794943635,306227737812,473
2023-07-28 00:00:00.000 UTC,1351515,7409790,155209322.9165948,0.0013793912913253115,180584403479,480
2023-07-29 00:00:00.000 UTC,1276602,8482329,240626732.00996217,0.0020442494105310832,356659817201,418
2023-07-30 00:00:00.000 UTC,1529932,7904493,220593409.56220904,0.0016758456432163368,265044882108,530
2023-07-31 00:00:00.000 UTC,1281719,7517511,183249384.29371363,0.0012190513374865225,201665702463,459
2023-08-01 00:00:00.000 UTC,1388817,7538571,181837495.80331665,0.0013483141454646666,199892213877,449
2023-08-02 00:00:00.000 UTC,1451251,7774471,244676315.21420383,0.0014718454719749986,212392118934,531
2023-08-03 00:00:00.000 UTC,1413391,7186428,190991362.1618506,0.0015161595477485342,180598229058,490
2023-08-04 00:00:00.000 UTC,1210057,5983508,134123013.70594645,0.0016187998733551811,143398674100,414
2023-08-05 00:00:00.000 UTC,1395968,8879666,270932482.65164316,0.001428227110669631,249147555730,520
2023-08-06 00:00:00.000 UTC,1473955,6216598,150297884.80520526,0.0011542975560522926,156750794119,550
2023-08-07 00:00:00.000 UTC,1292947,6168718,174011115.66197175,0.0015925019130457283,155616875226,500
2023-08-08 00:00:00.000 UTC,1172248,5862187,119162209.5381331,0.0017203436610329923,133465749921,426
2023-08-09 00:00:00.000 UTC,1456390,8974086,248297909.7991313,0.0017431251993093382,260217087671,569
2023-08-10 00:00:00.000 UTC,1286079,8860252,138737287.03986922,0.002507707058741912,345913437967,417
2023-08-11 00:00:00.000 UTC,1387893,8512486,236171104.34583327,0.0018855465626291875,244902189071,477
2023-08-12 00:00:00.000 UTC,1339771,6604143,184031322.80289394,0.0012207046248407637,154426593684,567
2023-08-13 00:00:00.000 UTC,1259415,6852763,160833789.00874618,0.0012874353462246542,192574330461,460
2023-08-14 00:00:00.000 UTC,1420273,7440403,106459025.67044403,0.0013593497026908148,201322131994,556
2023-08-15 00:00:00.000 UTC,1532020,8055632,99872676.30826963,0.0014190284180856387,230307274873,563
2023-08-16 00:00:00.000 UTC,1330964,10151647,122508970.01390451,0.001617087624871028,346584980995,560
2023-08-17 00:00:00.000 UTC,1486400,8848109,169041970.92566767,0.001459321612291278,256351256872,498
2023-08-18 00:00:00.000 UTC,1401735,8231898,154999861.33261132,0.0016766631924302487,230608178686,478
2023-08-19 00:00:00.000 UTC,1223193,7902203,257305851.47172245,0.0012515430184202767,213674716605,464
2023-08-20 00:00:00.000 UTC,1357999,8158315,334755993.60133713,0.001531722762502806,271553342498,571
2023-08-21 00:00:00.000 UTC,1382513,7253349,216013216.36206782,0.0012896358066776838,187536048526,555
2023-08-22 00:00:00.000 UTC,1272229,8290438,230001162.81770766,0.0016228739089813472,272537492821,487
2023-08-23 00:00:00.000 UTC,1272909,6298373,85997864.37366323,0.001533399742440033,174497424534,505
2023-08-24 00:00:00.000 UTC,1320508,8338807,115833555.35690388,0.0017348540434105753,248515838087,476
2023-08-25 00:00:00.000 UTC,1321331,8695687,149254244.30528796,0.0015822353600019508,254381772065,457
2023-08-26 00:00:00.000 UTC,1354924,7368563,115866734.76723534,0.001438445046650227,212153528084,444
2023-08-27 00:00:00.000 UTC,1154199,6390498,99657297.64546965,0.001356813838644416,178875487773,375
2023-08-28 00:00:00.000 UTC,1200795,6708862,106895196.26877084,0.0014303865257431114,174828050724,384
2023-08-29 00:00:00.000 UTC,1484387,7729251,108692567.96150726,0.0013573178268916396,203727265242,522
2023-08-30 00:00:00.000 UTC,1209579,6029168,79844831.64722566,0.0012523240905560455,127714201305,403
2023-08-31 00:00:00.000 UTC,1373876,6007982,60175878.57081081,0.001507451532657744,103186719582,489
2023-09-01 00:00:00.000 UTC,1437033,8837921,135170881.59369096,0.0019280559373104588,241624652929,519
2023-09-02 00:00:00.000 UTC,1419544,9018831,110554847.97606277,0.0018031673967192675,237764195149,511
2023-09-03 00:00:00.000 UTC,1272249,7246436,112379913.48410381,0.0016834271013197938,190283851969,507
2023-09-04 00:00:00.000 UTC,1306075,7095039,89987676.80597532,0.001928937427785768,181188646497,508
2023-09-05 00:00:00.000 UTC,1335295,4651634,36516773.55266572,0.0019370985402161925,81904979958,403
2023-09-06 00:00:00.000 UTC,1446349,4415833,26434397.556117248,0.0020207478630668426,64801101501,470
2023-09-07 00:00:00.000 UTC,1476127,5270773,48070384.895509705,0.0021105630411422296,103719721688,490
2023-09-08 00:00:00.000 UTC,1347228,6518927,52686409.03601074,0.004986611686898878,193060958706,444
2023-09-09 00:00:00.000 UTC,1706746,8958976,94712814.75322625,0.002920783518802664,249205879526,500
2023-09-10 00:00:00.000 UTC,1559749,7645961,85601098.20137934,0.002970322658143403,221211190149,464
2023-09-11 00:00:00.000 UTC,1525360,8683097,105870022.78575663,0.00287661616303622,239550193121,548
2023-09-12 00:00:00.000 UTC,1505139,7224450,112304032.96440865,0.0024944102929883747,179975113586,464
2023-09-13 00:00:00.000 UTC,1546195,8694328,193149474.92132756,0.0028139489476619317,263771384981,491
2023-09-14 00:00:00.000 UTC,1675552,8260109,167077157.78579947,0.0026195647298576053,228677005187,501
2023-09-15 00:00:00.000 UTC,1895486,9497223,196379772.2176052,0.002543175670809544,266953645187,635
2023-09-16 00:00:00.000 UTC,1598074,7578674,102436003.45437822,0.0022385891016975814,173171656479,509
2023-09-17 00:00:00.000 UTC,1569477,4911305,42294364.78302058,0.0021409747696914997,87702284611,490
2023-09-18 00:00:00.000 UTC,1648553,4088745,26158280.16772523,0.0029386447816750795,62378632496,547
2023-09-19 00:00:00.000 UTC,1445889,4564407,29923673.87394169,0.002576068622493564,64190703123,450
2023-09-20 00:00:00.000 UTC,1548038,5736791,58471368.580646075,0.0028623595613662556,105366594428,489
2023-09-21 00:00:00.000 UTC,1529310,6788546,71878434.56743856,0.004350907480448704,171324966977,468
2023-09-22 00:00:00.000 UTC,1413847,7487675,67434927.05834708,0.005102591532850108,208749452627,436
2023-09-23 00:00:00.000 UTC,1653259,7645174,76794932.25012277,0.0040596219657800725,195112877890,524
2023-09-24 00:00:00.000 UTC,1454412,7796599,108485276.9697576,0.0036684489309430804,246971240336,475
2023-09-25 00:00:00.000 UTC,1417440,9113503,118115161.34403479,0.0032997660691500355,310639488888,472
2023-09-26 00:00:00.000 UTC,1345070,8431517,119939360.38664643,0.0024443098576769026,281023613679,426
2023-09-27 00:00:00.000 UTC,1394520,7661531,110120032.4323645,0.002619915120858089,309161269113,534
2023-09-28 00:00:00.000 UTC,1346730,6964802,117858175.15595521,0.0020880239267633653,196613533182,490
2023-09-29 00:00:00.000 UTC,1418464,8688164,115228986.25960138,0.002053351685218911,261067523889,486
2023-09-30 00:00:00.000 UTC,1325936,7291493,96543710.67222373,0.0012732761796149389,213952984554,423
2023-10-01 00:00:00.000 UTC,1231784,7359049,101066886.80694307,0.0011501474204316244,221064970570,485
2023-10-02 00:00:00.000 UTC,1383270,8994660,127337461.922813,0.0018372686210874534,282597313818,519
2023-10-03 00:00:00.000 UTC,1445048,9204069,97152309.83022925,0.0015029287329332336,315297974627,556
2023-10-04 00:00:00.000 UTC,1213301,8447921,110758737.74313977,0.001539308584815024,271536274707,418
2023-10-05 00:00:00.000 UTC,1314067,9389977,109972116.04315554,0.001699100256017245,327860791931,497
2023-10-06 00:00:00.000 UTC,1264537,10646273,102585698.91500632,0.0033587912677204767,384684834148,558
2023-10-07 00:00:00.000 UTC,1157140,8900245,100104652.57504126,0.0015599367022447253,339665119412,570
2023-10-08 00:00:00.000 UTC,1063973,8313827,98110370.01719823,0.0008802614066325637,326889007463,487
2023-10-09 00:00:00.000 UTC,1277216,7901113,88798420.96604073,0.0013415603934673864,288546462719,510
2023-10-10 00:00:00.000 UTC,1234177,8931030,81727657.74200222,0.0008973052054411756,365354236427,551
2023-10-11 00:00:00.000 UTC,1166642,7253701,79792888.05809484,0.0015957799464645902,202890923914,527
2023-10-12 00:00:00.000 UTC,1211240,7252774,71646733.04928619,0.0018922312246253772,181902539027,502
2023-10-13 00:00:00.000 UTC,1260482,7914348,70660171.15777604,0.0016228964308494743,211451868027,424
2023-10-14 00:00:00.000 UTC,1143384,8406599,65477291.08480563,0.0006935033962677714,275409181560,482
2023-10-15 00:00:00.000 UTC,1055163,12924682,48547203.47110833,0.0009082473474854514,948925969736,567
2023-10-16 00:00:00.000 UTC,1361986,8566157,85041809.13102563,0.0014836961529947736,263299701496,445
2023-10-17 00:00:00.000 UTC,1262107,9960621,107625199.9088776,0.0010910723489157214,351813502504,508
2023-10-18 00:00:00.000 UTC,1243713,9480638,97873464.63787332,0.0015223584965147361,313596656695,469
2023-10-19 00:00:00.000 UTC,1249908,8371356,83055226.30504857,0.0011113745548200506,264027171249,441
2023-10-20 00:00:00.000 UTC,1306162,8933719,110026833.82466494,0.0015813120008129188,269150073755,427
2023-10-21 00:00:00.000 UTC,1206437,8691413,104778690.45772238,0.000934939459337639,238226360244,466
2023-10-22 00:00:00.000 UTC,1091353,8994339,140978062.21843302,0.0009358577078849046,295236504760,493
2023-10-23 00:00:00.000 UTC,1392372,9875039,149678739.2048891,0.001122180106967615,327172762119,491
2023-10-24 00:00:00.000 UTC,1394049,6332428,81974046.01555699,0.002412127928344412,136122271642,403
2023-10-25 00:00:00.000 UTC,1535528,5831516,51811761.41349024,0.0021190617837660445,109529328045,470
2023-10-26 00:00:00.000 UTC,1515498,8443534,101390330.57480118,0.0017339098728814373,216686408442,482
2023-10-27 00:00:00.000 UTC,1516311,7919646,78233160.62743394,0.001061523760567131,212389283000,496
2023-10-28 00:00:00.000 UTC,1520902,8577402,80106504.25960876,0.0008679061267830646,231410178298,550
2023-10-29 00:00:00.000 UTC,1275684,8477093,81346966.24905056,0.0007535600303783986,245138054543,428
2023-10-30 00:00:00.000 UTC,1561723,15257252,84068222.08610441,0.0021235851264845055,1099916828845,484
2023-10-31 00:00:00.000 UTC,1501964,10323421,98262626.50356537,0.0011712237884804644,363488257712,493
2023-11-01 00:00:00.000 UTC,1482032,8003018,90495234.68988496,0.000985752558747261,204524233825,467
2023-11-02 00:00:00.000 UTC,1488811,8203242,93923409.26538116,0.0010776441513391678,187057955603,436
2023-11-03 00:00:00.000 UTC,1370522,6010356,54250239.4446261,0.0028402429003906078,111956543879,423
2023-11-04 00:00:00.000 UTC,1675504,7158105,41093435.97450343,0.005961052163832674,166632440660,491
2023-11-05 00:00:00.000 UTC,1668612,5943059,44367270.8909229,0.0038541048421174536,104653927598,501
2023-11-06 00:00:00.000 UTC,1368967,5416957,36834818.19256057,0.00472418903337243,87873749220,385
2023-11-07 00:00:00.000 UTC,1324775,7189392,49772937.57263497,0.005499005000074968,129740478153,433
2023-11-08 00:00:00.000 UTC,1458063,6582296,50960445.71086394,0.006227185992971115,105877029327,459
2023-11-09 00:00:00.000 UTC,1451373,4603074,46543294.25119337,0.012310529270944058,58174801844,429
2023-11-10 00:00:00.000 UTC,1564719,9866608,95700501.2897583,0.007380907682737999,229696231347,475
2023-11-11 00:00:00.000 UTC,1603085,7861956,73244865.12766412,0.010429057930110354,280157337100,506
2023-11-12 00:00:00.000 UTC,1545265,4434193,26878649.657552045,0.004881097248908545,58533236487,515
2023-11-13 00:00:00.000 UTC,1302667,5704428,34851594.10157654,0.008190457138641381,117440537228,379
2023-11-14 00:00:00.000 UTC,1353151,8203583,60698980.78485231,0.011489059678612436,303068935187,444
2023-11-15 00:00:00.000 UTC,1371516,6396778,46346227.51877871,0.006872259110888509,103510302787,475
2023-11-16 00:00:00.000 UTC,1391515,4903990,36421233.63858402,0.014414501281623802,59959244552,451
2023-11-17 00:00:00.000 UTC,1407293,7704361,67458742.18806697,0.024176932086697592,191592164367,459
2023-11-18 00:00:00.000 UTC,1304506,5428203,36575641.45040258,0.011307830975912399,70790129218,474
2023-11-19 00:00:00.000 UTC,1456882,6845194,56953008.870890334,0.008451082130240251,118601353726,519
2023-11-20 00:00:00.000 UTC,1548364,7388376,72216526.86685169,0.010245464746483421,158202891369,500
2023-11-21 00:00:00.000 UTC,1438677,7856341,78353821.43022841,0.0110302237625824,185742188513,485
2023-11-22 00:00:00.000 UTC,1385972,6904685,64484576.50884155,0.01315713337115878,148620911568,437
2023-11-23 00:00:00.000 UTC,1398329,5993629,51972970.04989932,0.009183629125974873,111285691128,470
2023-11-24 00:00:00.000 UTC,1620509,7915151,78723688.65343116,0.006807015912666457,166452025033,525
2023-11-25 00:00:00.000 UTC,1579262,6063929,45018808.48865651,0.005882896793016394,106701419973,479
2023-11-26 00:00:00.000 UTC,1505470,5729425,49447348.45350454,0.006036358323189285,108053346975,433
2023-11-27 00:00:00.000 UTC,1417851,5233019,50403677.825650804,0.006382259869704171,90959590569,407
2023-11-28 00:00:00.000 UTC,1380966,7514321,97230453.43272603,0.006984590759303531,186447215443,471
2023-11-29 00:00:00.000 UTC,1245568,7278034,69303423.0155609,0.005380229960279435,153316588829,424
2023-11-30 00:00:00.000 UTC,1304242,7271423,75487402.59834565,0.0051476800055653875,170450638846,408
2023-12-01 00:00:00.000 UTC,1561259,9597205,66015725.56025538,0.008401470852663342,323389215010,512
2023-12-02 00:00:00.000 UTC,1189964,5247832,37357446.54819397,0.004209244485949627,83237986803,385
2023-12-03 00:00:00.000 UTC,1371676,4813327,25602925.714528307,0.005934707532550804,53374624961,520
2023-12-04 00:00:00.000 UTC,1428459,6042319,50425397.54104632,0.007065699626729384,91951732168,461
2023-12-05 00:00:00.000 UTC,1197107,5555069,37620338.25663438,0.017432532357040356,102147314930,430
2023-12-06 00:00:00.000 UTC,1139808,5943984,49584905.57180157,0.014176034408346383,173201476518,402
2023-12-07 00:00:00.000 UTC,1194685,8652957,89018786.29604782,0.012258433790763364,212842913026,377
2023-12-08 00:00:00.000 UTC,1257456,8821191,90058578.75157972,0.012914899634597863,263891243463,444
2023-12-09 00:00:00.000 UTC,1336866,7741503,102751875.59998691,0.007394767291178519,184925924347,496
2023-12-10 00:00:00.000 UTC,1207333,6315975,77394518.02508736,0.016981201318919885,161316974742,455
2023-12-11 00:00:00.000 UTC,1374827,6874163,105672170.19082734,0.013019199773842862,155091897672,498
2023-12-12 00:00:00.000 UTC,1236204,5586302,66015932.35531751,0.005363500333351098,85095337700,472
2023-12-13 00:00:00.000 UTC,1044584,5102510,49768142.66736825,0.005762919789448667,62198011585,448
2023-12-14 00:00:00.000 UTC,951669,4976519,26105055.824097194,0.010913528680069373,42862627681,461
2023-12-15 00:00:00.000 UTC,1232497,5773011,38591426.497821674,0.01666074007250981,63493070045,524
2023-12-16 00:00:00.000 UTC,1068030,5784232,31993605.441359803,0.02386946766440403,108179266516,468
2023-12-17 00:00:00.000 UTC,1005337,4603415,28035116.93466507,0.02091415441806137,41137382833,458
2023-12-18 00:00:00.000 UTC,1330575,8173552,100772335.93641673,0.033287715504257506,275218890871,529
2023-12-19 00:00:00.000 UTC,1201241,5923708,58939241.76898798,0.013181289659910934,74034714054,522
2023-12-20 00:00:00.000 UTC,1140979,4848520,35489138.17846813,0.015467526100092102,58962869340,431
2023-12-21 00:00:00.000 UTC,1184319,6494944,43160357.62831343,0.026812534201708975,170156192445,445
2023-12-22 00:00:00.000 UTC,1436554,7525122,90354056.2825997,0.01865651786100821,141187621984,565
2023-12-23 00:00:00.000 UTC,1275380,7046226,78935610.87839001,0.01629719243483436,175480053870,551
2023-12-24 00:00:00.000 UTC,1348822,4776177,37394897.46704406,0.007732974498669249,63670788787,593
2023-12-25 00:00:00.000 UTC,1033586,3741661,28629345.838511836,0.0060151187369861,37157028951,476
2023-12-26 00:00:00.000 UTC,1052612,5526596,48104463.907606214,0.016868586471625643,122219336295,472
2023-12-27 00:00:00.000 UTC,1124831,4253788,40152880.006078914,0.01431462184774335,58796180120,457
2023-12-28 00:00:00.000 UTC,1124048,5536195,86014118.88054536,0.01981387553454345,109500375991,412
2023-12-29 00:00:00.000 UTC,1289031,7123466,257640849.74773836,0.01963165943139198,139890121902,531
2023-12-30 00:00:00.000 UTC,1109530,6522782,49676142.906084575,0.03332452347360046,155280931623,488
2023-12-31 00:00:00.000 UTC,1207615,4795114,25459592.928635594,0.015659218616384227,65373970354,505
2024-01-01 00:00:00.000 UTC,1184883,6539656,127464088.45852423,0.015079157782805348,125662610537,501
2024-01-02 00:00:00.000 UTC,1122396,8330617,74318678.91704573,0.022519217435559652,349269345995,465
2024-01-03 00:00:00.000 UTC,1307852,9287512,82270666.96708055,0.009662046461363047,199466923768,589
2024-01-04 00:00:00.000 UTC,1360170,9826141,448110973.60395885,0.011119949716694983,346598520881,583
2024-01-05 00:00:00.000 UTC,1135061,7984742,339901817.9240102,0.007538689711613892,164417968582,458
2024-01-06 00:00:00.000 UTC,1085423,10166813,508631959.27443016,0.010209813424801371,362562543656,503
2024-01-07 00:00:00.000 UTC,949769,7589588,317099985.8173813,0.007437504429757733,199790258102,421
2024-01-08 00:00:00.000 UTC,983310,5598765,171841184.84075788,0.006669862615426978,105562712339,434
2024-01-09 00:00:00.000 UTC,1216740,8231800,264952556.40450466,0.00771329721023856,221085721273,511
2024-01-10 00:00:00.000 UTC,1145990,7847847,174546509.6973396,0.009390445695876213,308831258940,449
2024-01-11 00:00:00.000 UTC,1307875,6946363,176919804.1107961,0.005091770124737476,130173177212,618
2024-01-12 00:00:00.000 UTC,1289397,6395828,142119053.10394508,0.004814020686541324,119896836615,565
2024-01-13 00:00:00.000 UTC,1239081,4674031,50368428.34126279,0.005929037858649171,66185015715,571
2024-01-14 00:00:00.000 UTC,1075787,3072782,19228604.600353085,0.010656660406430008,28466527206,460
2024-01-15 00:00:00.000 UTC,1068220,5248238,83896524.20783482,0.008666159734802503,99149337385,397
2024-01-16 00:00:00.000 UTC,1071895,5204147,99423211.41001716,0.009559089315421205,103867401405,425
2024-01-17 00:00:00.000 UTC,1160388,5559416,113246117.359508,0.00709976450439938,108819972998,382
2024-01-18 00:00:00.000 UTC,1279877,5967437,93857508.65592572,0.0107274407321969,163740040212,499
2024-01-19 00:00:00.000 UTC,1128661,10694051,93164004.35363233,0.014148696212525234,474368248684,462
2024-01-20 00:00:00.000 UTC,1188456,7730029,119872656.43095869,0.0056623829832986895,169019833129,462
2024-01-21 00:00:00.000 UTC,1116093,6236048,49942046.01339528,0.0035946112503960305,79246712352,469
2024-01-22 00:00:00.000 UTC,1314842,9878610,113540426.80624402,0.008673415823237914,343721240075,537
2024-01-23 00:00:00.000 UTC,1197217,8357150,83910197.86009894,0.010760224643471778,335311177155,527
2024-01-24 00:00:00.000 UTC,1186241,8123798,146321209.70319358,0.00629432501081594,219350594368,528
2024-01-25 00:00:00.000 UTC,1415902,7022210,121279368.89943007,0.005766893745515843,210183815507,628
2024-01-26 00:00:00.000 UTC,1281693,7334002,127673228.03097688,0.003778110340515464,137679126384,556
2024-01-27 00:00:00.000 UTC,1423111,6684568,81424061.35432288,0.0040830182296748814,139403449977,596
2024-01-28 00:00:00.000 UTC,1326382,5643580,58857770.71883504,0.003969418202075829,97219682189,591
2024-01-29 00:00:00.000 UTC,1375303,6346858,91975106.548411,0.004079586644846893,127892657448,530
2024-01-30 00:00:00.000 UTC,1289466,6376865,92372201.2205921,0.0035279710753167953,115409018162,478
2024-01-31 00:00:00.000 UTC,1201306,6638703,109778246.1946789,0.0041962908720329095,143333629409,468
