day,unique_addresses,total_transactions,total_value_transferred,average_gas_price,total_gas_used,successful_transactions
2023-01-01,910238,2255563,589390707405540356594340,6583970827.639831,277894092233,2132374
2023-01-02,975912,2455883,374022144420832577165874,6596348078.258839,297863200974,2321729
2023-01-03,970770,2461572,309861995069830418106078,6437695027.835972,290895505468,2334889
2023-01-04,972801,2538459,479808770183750279427617,6674560755.495601,316518274429,2419033
2023-01-05,975662,2506904,247252045285210788851687,6505860445.148439,334904545530,2391335
2023-01-06,992562,2487374,492682877719924367552624,7013123618.8186,321664311655,2359687
2023-01-07,932235,2414684,247094171495319495473050,6505729907.270538,316069008050,2270672
2023-01-08,1076636,2657343,322278160863324237273507,6566904605.53759,337512133992,2507988
2023-01-09,1147761,2909176,508268439781277292172599,6873579075.949555,376892481635,2748960
2023-01-10,1130685,2756547,1767004078893272970825391,6529165185.954155,340676838151,2627589
2023-01-11,1099915,2720983,1612335740139707033931065,6672028359.242886,349660883639,2586701
2023-01-12,1160133,2895392,1518746469353554254136670,6883565465.745421,363774126355,2747861
2023-01-13,1085338,2779770,1224591050196956183820468,6957957942.628557,320859442520,2638357
2023-01-14,1123151,3064831,1127638867673715315107525,7305554697.908554,365301005905,2844339
2023-01-15,1003004,2688593,536033551307564198296322,7241192172.442183,334441633603,2507463
2023-01-16,1146746,2919562,1084427280550542701339669,7249379162.584171,337975323306,2763231
2023-01-17,1051560,2734946,744086025457735746878939,7170597028.012517,315967889308,2580424
2023-01-18,1073775,2888064,634248732689874358384944,7367091713.441694,332238028792,2713005
2023-01-19,1030965,2775048,728912755443056631223811,6935993701.622366,344220112405,2613828
2023-01-20,1048777,2843816,696694228322032443530291,6807556329.295985,361136465262,2702504
2023-01-21,1028708,2976036,740464282765318339776519,7175817717.997829,423075809793,2805561
2023-01-22,937054,2527498,428575931157295951056239,6635688549.862626,309640606715,2380078
2023-01-23,938403,2556322,417204104547885881452121,6765688252.324532,330481913928,2416378
2023-01-24,1088551,2837625,739117124695779993505271,6684833900.943223,354314350785,2694503
2023-01-25,1064004,2806009,528406018506302013491302,6828256419.2128525,343458214008,2673826
2023-01-26,1059796,2826880,606956067759096277266915,6799584835.887902,336567962729,2680523
2023-01-27,1085741,2978785,389413503608389678092316,7865625199.196797,340548633550,2794849
2023-01-28,1037349,2732669,326534095291104771668662,6899295867.512078,329462024225,2594879
2023-01-29,1060863,3007245,399583865669168339771069,7140016236.276407,381762899607,2842141
2023-01-30,1102715,3137599,445432575210384286395869,7292193317.7912245,375346223265,2946132
2023-01-31,1186614,3283503,546654021317628856793776,7426432202.291416,428448145951,3094598
2023-02-01,1165055,3151754,447012833506722111262217,7252428132.412059,385628777589,2962139
2023-02-02,1241450,3294278,580494612321547600845802,7268462530.94005,424429889539,3121826
2023-02-03,1094127,3017383,515136664926417998318506,7184818152.604378,367967866648,2851588
2023-02-04,1081904,2968498,404600390886984470014207,6891189350.548254,448284462932,2811038
2023-02-05,1047078,2960861,412615159224177036507439,6799086050.557594,404861582228,2785147
2023-02-06,1045037,2897310,351365886718091660943879,7550307437.353435,437936986890,2727800
2023-02-07,1204410,3277981,451653875303930692193179,7930648322.637619,434118522539,3100300
2023-02-08,1156442,3193651,434448938498556738407788,7370849685.945467,412768010671,3020225
2023-02-09,1244961,3459830,594424535543766117821715,7268279677.223573,428503570082,3276391
2023-02-10,1146317,3110917,397421019978791394728854,7374287090.05373,388619763200,2957130
2023-02-11,1058514,2880559,322555779748723865017132,9356650827.01056,371996484325,2736081
2023-02-12,1086382,2898079,401395382439712038933989,7532591084.205295,352844267494,2750580
2023-02-13,1204736,3308302,709681896821137941650746,7469302734.769938,388207072678,3138100
2023-02-14,1111679,3073071,526045780197805086771525,7460715567.01518,357754653061,2920358
2023-02-15,1179188,3306248,474235295975441800947505,7716886412.486849,396735987378,3130653
2023-02-16,1193952,3425204,704851560910813194182639,7983976818.925333,436709332097,3236817
2023-02-17,1228626,3363109,490008887832040314379689,7887735069.071594,420440392227,3170883
2023-02-18,1160197,3179009,347509269371468687947648,7220912179.064218,394349648908,2991453
2023-02-19,1166680,3260147,410727920728169180329238,7162201475.483848,412605599250,3076786
2023-02-20,1222967,3428301,428229940725405469613437,7507628427.067193,424104431505,3226042
2023-02-21,1318345,3424640,568175200193326813686851,7608263318.923212,419171373185,3247709
2023-02-22,1386180,3589181,698699745989646912359787,7677294080.340255,446447071630,3402923
2023-02-23,1664343,3657668,482297395789483588596216,7067209708.284482,452064892929,3486445
2023-02-24,1705503,3652724,496785371328118072547010,6982775418.490012,442216925870,3489626
2023-02-25,1725414,3496258,487135981178297198116466,6597216957.881079,404372503951,3354969
2023-02-26,1674356,3365746,403434487141281380459449,6890620379.291616,377649097229,3225443
2023-02-27,1856499,3817848,432831091988661860110605,7588106294.335527,438035705531,3653634
2023-02-28,2220804,4594445,689888318428980494045851,7201215713.042893,506964613193,4394754
2023-03-01,2370861,4463742,620484472386686813363973,6281988101.800877,503558952199,4273243
2023-03-02,2803554,5174219,675354989566157318007095,5504850383.805974,571962456743,5001479
2023-03-03,2016458,4033871,549619391010851286797395,6942577219.765405,422329219186,3831431
2023-03-04,1777803,3402251,416351765570297102644447,6833883350.774743,366049382466,3261573
2023-03-05,1764785,3375200,393851962915440043750833,6643123231.714293,356613310528,3242304
2023-03-06,1766272,3633761,456634756672929266398077,6621575486.243459,376903618670,3496553
2023-03-07,1462414,3531561,533859675634309930929982,6862757386.290741,390074205906,3357186
2023-03-08,1492241,3449127,511808123723364272907493,6811535657.363887,365480562722,3281230
2023-03-09,1604439,3735082,543044041723102184752727,6801118372.254018,395873145381,3556085
2023-03-10,1581342,3871056,718091034416866385669824,7110697319.11459,407615549065,3608434
2023-03-11,1541980,3725495,725238808457985908652981,7468717490.954739,425305149380,3507308
2023-03-12,1486624,3393975,498698185746327010779528,6469440088.720418,381950485841,3254764
2023-03-13,1623900,3795376,913839982246542567392726,6880669937.193579,407313214247,3581566
2023-03-14,1578551,3667149,689031784003580481503197,7327458257.378488,404408642577,3483560
2023-03-15,1596229,3718999,601330839641026851546245,7675861433.341558,420874087619,3510857
2023-03-16,1686304,3818701,5872602162163536288376558,6751964751.62136,434240550117,3608522
2023-03-17,1654335,3754404,24587248235160174389028892,6742236568.908755,436380250894,3529641
2023-03-18,1486285,3407515,25312878669777167155535970,6640777550.383781,400135206653,3248424
2023-03-19,1452110,3354080,1838169593753873941478144,6509345437.590368,366841819965,3212871
2023-03-20,1524057,3584970,705317342031121240912264,6747870029.149089,395653866449,3416677
2023-03-21,1670419,3683806,932764791397308223320519,6543452333.18981,397487339592,3504358
2023-03-22,2060045,4713138,16246513572960382853411934,6566361882.7679,479031542321,4440145
2023-03-23,1767520,3751941,978504919329513286493788,6551400589.517433,404317593562,3575244
2023-03-24,1848333,3617025,532673459971593360049921,6673527138.652727,394266757906,3469675
2023-03-25,1652418,3260593,322435817593164235090511,6031491955.753821,344660368682,3137353
2023-03-26,1680582,3366014,358019085619151957245131,5913516528.266476,345346321936,3208320
2023-03-27,1714690,3616771,584430656109273142129154,6587512070.672328,397550878141,3416242
2023-03-28,2091442,3890700,494843754031816470379125,6767051804.789275,398964081823,3719161
2023-03-29,2079003,3898284,1454789588327948453981849,6341063670.388646,401228333756,3739316
2023-03-30,1836031,3603091,1105002224104722342081331,6652230274.977897,395398492131,3444941
2023-03-31,1852425,3652973,1548402953680895317285238,6712568878.402996,427326885576,3503523
2023-04-01,1709884,3385802,440930257070406525709634,7066894358.02931,396875484396,3254321
2023-04-02,1565841,3246556,556827993741474518129411,6798986966.276034,375243299887,3087097
2023-04-03,1764774,3758363,796146425845693674125222,6843130478.161753,433291465370,3579761
2023-04-04,1752824,3549566,843934631676746712228591,6661733206.691729,391491634130,3408458
2023-04-05,1725984,3623669,602668914689774760982326,6369460204.51996,405108087683,3473874
2023-04-06,1717569,3708887,1530685796143065354757519,6938426280.178216,421665441580,3541077
2023-04-07,1722758,3538894,458248695560880739592767,6249443856.905569,398861706557,3406688
2023-04-08,1530352,3284574,451969345191955523231207,6658875510.468894,376090325877,3158165
2023-04-09,1563666,3317665,440674032842115994246611,6191879843.695547,371797556131,3192315
2023-04-10,1663530,3679265,545253852844270193995711,6719356237.708698,448478308977,3521936
2023-04-11,1780740,3731882,3093918869398272281732246,6353862082.62311,431466593280,3578166
2023-04-12,1593452,3572538,1723356527935523533740274,6016454229.704475,437819760571,3419184
2023-04-13,1609850,3671020,595537315937645404492632,6164327797.411466,480525818320,3488386
2023-04-14,1651069,3766108,697833873880956277562199,5796537136.588767,495650037052,3604538
2023-04-15,1556380,3422823,615643073614617506546293,5317874958.600615,444688871608,3288745
2023-04-16,1503845,3469548,684223067293640343818287,4996291830.189704,460487076839,3323240
2023-04-17,1609845,3832532,1012096897175974153674576,5327933307.939972,548121492198,3689942
2023-04-18,1669809,3959179,655230527698040970801402,5282638485.958738,567314162806,3789412
2023-04-19,1611154,3938732,715376711151301930985241,5316569562.495614,744658123364,3764014
2023-04-20,1486092,3908852,736849402661338059356065,5827950881.572904,705418996924,3744333
2023-04-21,1515341,3878488,1100482683873732580543773,4907618358.43986,682964436855,3698496
2023-04-22,1513087,3405626,3173740705433589293785207,4364656253.070373,645486844378,3264331
2023-04-23,1536488,3392609,4701756692228180687327571,4731800003.759368,660867882584,3271038
2023-04-24,1645307,3816673,1075356348128729155024917,5241782392.134596,996849004950,3626026
2023-04-25,1810127,4013359,2329772692851519553968251,4899404987.863823,1078567384342,3841629
2023-04-26,1537397,4083801,1533318594045139880243936,4695782753.97475,1042686917071,3902700
2023-04-27,1949354,4353063,842465388365519509435818,4324386571.933522,925435698238,4152263
2023-04-28,1903705,4236378,14007850110550586863437524,4889560446.785586,744689329072,4054550
2023-04-29,1780033,3809169,1300817408531088138344038,5248283812.505236,626470498965,3646778
2023-04-30,1730151,3882455,2346927826442206210014170,4786997864.26543,579596201213,3742993
2023-05-01,1764947,4015345,24205549967540480280129876,5886799821.372538,561719956160,3830244
2023-05-02,1749069,4034134,16903097685783068661259881,5061775352.124494,531791788646,3856353
2023-05-03,1741610,4013928,7192630697438441791072432,5096482472.679432,599871130803,3855787
2023-05-04,1751577,4023071,733156759351360061371836,4985065365.807774,510184568480,3857652
2023-05-05,1872502,4330868,639981925437016975134527,5198673766.923161,568454511311,4140811
2023-05-06,1837606,4193663,680675661382617929040921,4968222304.540534,556129166919,4020933
2023-05-07,1827342,4325780,673148553990714690691314,6098069150.420238,545636031181,4115561
2023-05-08,1907555,4894824,3235579128592914048834144,6062394800.31264,589669191136,4580843
2023-05-09,2143186,5031630,953989439917429050231956,5516231886.294342,633450937771,4755066
2023-05-10,2028884,4853818,1240812954695880175673667,5628079048.99872,598971571175,4629754
2023-05-11,2138564,4836170,2346729172817671672163811,5477603204.145206,559487347168,4635373
2023-05-12,1906423,4694171,821143982280737622988836,6808715841.42416,545239452259,4448298
2023-05-13,1729299,4112951,652683117364944355137844,5283603031.58359,468913763470,3945450
2023-05-14,1666239,3909815,609484354577162068456605,5888190691.680195,446209995193,3746239
2023-05-15,1951855,4618785,758100562341954529803266,6086957546.767999,529737869056,4385440
2023-05-16,2032851,4982320,829078304436311643006266,5054416285.750049,547603006672,4584420
2023-05-17,2546944,5337096,755480020110504509060513,5051586515.575354,609071914369,5133845
2023-05-18,1986642,4797684,808598323110151258860317,5567439309.3925085,580983430208,4583025
2023-05-19,2012343,4675140,739918883953482014265737,5040730992.543482,583877732810,4486791
2023-05-20,1884820,4486057,816818066483429810671961,5161169418.083865,522083183975,4310002
2023-05-21,2075096,4615742,739083427633299693962217,4719109052.841949,534226189022,4457084
2023-05-22,2058594,4714615,784639928671657893373623,4981028642.927731,571402470431,4518888
2023-05-23,1962491,4284723,853495013934156880626788,5151864584.185497,534317314380,4099516
2023-05-24,1879283,4461946,786619407607074019215890,5716270541.704136,561125957514,4212094
2023-05-25,1849095,4199075,817829726311092284554864,4963965912.908511,550771445818,3981583
2023-05-26,1856586,4123308,859736403802876347064090,5067019235.6380825,523052840018,3944841
2023-05-27,1733758,3773393,706832365202457611666153,4509058862.50441,448277579323,3616777
2023-05-28,1645949,3782405,791943341684703272049611,4802765718.462724,455528208149,3618522
2023-05-29,1808552,4208475,943637303505748347977855,5147968387.163348,493814862985,4011698
2023-05-30,2056639,4434523,732769159709134121112370,5077163823.965912,526350174864,4243669
2023-05-31,2083456,4480621,780577221540575334631477,5048869386.566323,533798432664,4288630
2023-06-01,2070368,4297303,766631247950652169156418,4640621076.969192,546562514631,4106968
2023-06-02,1903957,4073517,759193595762270345621801,4781082620.268265,502097671328,3889335
2023-06-03,1832729,3880218,646429214598948789805801,4466389694.365573,452160679489,3704184
2023-06-04,1533823,3954604,664617875939794823402059,5192751954.181209,512975614022,3717548
2023-06-05,2104729,4583500,1320929517752252919388208,5372193227.954775,543479870949,4333959
2023-06-06,2049150,4254835,1147792114559807550087045,4799875927.163668,532811589927,4034739
2023-06-07,1870477,4064117,1625528275022487957304944,4880227136.27154,502900546481,3857298
2023-06-08,1707245,3790730,845132552508494135990962,4702315975.244731,481083787870,3613729
2023-06-09,1790431,3893067,961363709522340548830417,4387075814.089387,489877094067,3708615
2023-06-10,1712950,4087993,1275159656402329233916597,5575290662.931533,540749331857,3793148
2023-06-11,1616534,3499942,714590120590528346164250,4921159413.509776,463462786512,3318008
2023-06-12,1733536,4079004,1439157136906738518836699,5636868099.139403,495034276293,3813622
2023-06-13,1763887,3960917,2020347562588611374227705,5163897700.462115,490399109911,3730897
2023-06-14,1906024,4273694,3746597102986164412086676,5228526717.825191,553729061676,4051490
2023-06-15,1910857,4101664,1854846207088026816217138,5353899034.002806,562825735349,3916913
2023-06-16,1827272,3916135,1050964237632203256988258,4872936079.711699,496391182894,3735666
2023-06-17,1716948,3602120,855333243975990349119450,5436518382.040143,426928635539,3436865
2023-06-18,1627737,3389131,700218871649124907616538,4590409301.613014,407632727139,3243830
2023-06-19,1762115,3859472,902964480107134572863472,4877988958.324482,489182970256,3681925
2023-06-20,1869397,4241578,940113528641319434215021,4531129245.428978,478978335457,4060978
2023-06-21,1893199,4523475,1051854080041769524008235,5261700163.559078,523171911085,4273358
2023-06-22,1753499,3960054,947346721522774713401773,4780709446.98707,475269317104,3741281
2023-06-23,1871874,4456526,813382432583633670842073,4532808872.002865,537594202661,4286584
2023-06-24,1704392,3913620,790521388667934542629365,4409957787.149362,473894576483,3775502
2023-06-25,1702606,3929276,808709148842881965447375,4472930622.981603,462686876690,3770697
2023-06-26,1690157,3903627,777572516616372912286967,4870631523.336011,500769833381,3731926
2023-06-27,1763086,4022694,708510645554039298431538,4518284266.300487,488211465205,3858979
2023-06-28,1678350,3899258,1886701086958847109600955,4590712093.37818,485292138793,3733022
2023-06-29,2049178,4685909,1351170382724455498708581,4992896378.562746,525642795489,4497452
2023-06-30,2029978,4882473,1414004733004617439225154,5069194605.007626,568649529505,4662656
2023-07-01,1692185,4002187,851759418033452324508787,4501833047.064252,473566140338,3829929
2023-07-02,1604230,3701997,733814238148207784482762,4681850366.183829,430656669341,3553740
2023-07-03,1682869,3917080,901369568304872629199131,4877558439.520318,457311817370,3731609
2023-07-04,1693904,3929200,794960017796805572246956,4604515217.157416,451107921938,3749056
2023-07-05,1688221,4160628,668564536724358185290632,5557311138.584796,483370882849,3937468
2023-07-06,1646043,4020676,737949023631012442782338,4605324196.447742,473314486513,3841346
2023-07-07,1714202,4148986,685559997501983518109863,4837945631.157617,480652978617,3908496
2023-07-08,1659197,3778528,607934017294935523167893,4391704017.365217,466084173421,3628926
2023-07-09,1641193,3753029,1124964047788723509199054,4600976073.908436,460519769931,3607948
2023-07-10,1730368,4044923,3008478006565428639323313,4716508279.067618,521607627483,3862660
2023-07-11,1818494,4160472,4412363707009706711938186,4646846779.029133,497779546631,3994974
2023-07-12,1893449,4103242,880244881680163640531774,4665347456.255893,479738478556,3934496
2023-07-13,1887731,4321509,946735854485045121829417,5027956031.660578,519012118996,4051924
2023-07-14,1885854,4221270,1256192983937244724853464,4739034344.244927,507672591049,4026862
2023-07-15,1851929,3813495,902182459604540752750226,4581979924.385925,418459186499,3671008
2023-07-16,1598178,3624309,1153652770295063584591312,4769417835.57532,415951344845,3466446
2023-07-17,1710649,4195268,4380321753723089501260726,4802506917.248882,517528378683,4031550
2023-07-18,1867389,4175179,8563352176008320704450471,4765062584.73995,497531041409,3997917
2023-07-19,1747754,3888174,805023899427523552233868,4886042055.753305,454556990416,3746881
2023-07-20,1772930,4144510,734639264161890524780905,5646561221.253906,485904649796,3980592
2023-07-21,1762564,4018386,590492555762272951263143,4893462046.66242,472306933826,3852368
2023-07-22,1764574,3841057,546611057409910475233235,4655612322.517209,436328743098,3710727
2023-07-23,1673688,3860001,549796225551892829434873,4399629336.313331,424609588844,3726520
2023-07-24,1789359,3944219,1003146201689740156872122,4980848837.907026,464407861087,3784813
2023-07-25,1825542,3878936,671323437182467559087897,5027847216.576708,433510745779,3738281
2023-07-26,1803174,3901152,610661983746067952023492,5154893873.1400795,440305948417,3747781
2023-07-27,1885437,3974920,765444795239874627212989,4989160920.18395,453816474469,3788771
2023-07-28,1966741,3879277,1156399119176680990646254,5245031296.3067875,424739250065,3722585
2023-07-29,2017122,3865706,1326074126515427961779866,4495196485.623803,427154331104,3719890
2023-07-30,2005575,3912244,612408599398103083681695,4665002475.07618,406203474489,3769172
2023-07-31,2015637,4150786,840569814308709481629393,5454322311.8678055,458387803831,3981029
2023-08-01,1939382,4150313,2178526094432735395805518,5165794811.86046,480753545597,3966981
2023-08-02,1856055,3956508,3514129354261917439739242,5100498053.645187,457049821496,3792438
2023-08-03,1829976,4220197,932959501776490271754098,5339597198.944388,509282194457,3996218
2023-08-04,1719647,3973515,783501000569540156892431,5836466277.210177,475946352101,3817885
2023-08-05,1396290,3460711,779925864394463796694530,5572363881.025073,463065539398,3302390
2023-08-06,1431939,3495977,732895382451064577982637,5412182958.54104,464336433584,3349548
2023-08-07,1488739,3794666,693583395035446743830519,5586176353.165804,483120195299,3637073
2023-08-08,1450295,3711070,676586844076931714518449,5152249443.052988,480600573966,3561878
2023-08-09,1466657,3650572,534709401197975328149442,5170928127.286214,481507881417,3517444
2023-08-10,1402204,3554160,728877564314299032830111,5134663205.669437,522553975429,3432258
2023-08-11,1498214,3667713,706408359397958113886734,4724985438.635886,459378004170,3539918
2023-08-12,1703617,3793853,557973975535078693106692,4487941726.308301,456602451115,3675871
2023-08-13,1666301,3712329,534173091144826534182033,4527453667.5681505,450523933547,3578666
2023-08-14,1691393,3952857,589248376605742731427655,4812090096.630773,514364277812,3802783
2023-08-15,1717628,3953063,1095015618331982949680672,4616978695.005913,497504564585,3808431
2023-08-16,1516190,3747332,1647549576196269082134768,5086177222.596032,478968196846,3578785
2023-08-17,1407990,3815857,1090807418849747381121700,6136785521.188528,521557050150,3590182
2023-08-18,1440584,3648389,992332531598183103068167,4852798939.043203,532988791603,3495331
2023-08-19,1229818,3171742,597604668254670947671652,4887321522.760509,442323951621,3036223
2023-08-20,1195771,3057970,598517391289511463501399,6112837990.06976,351984752364,2936343
2023-08-21,1335647,3391380,839313170118216509078346,5491851658.03135,380816528107,3231123
2023-08-22,1267723,3276367,661042432638757351842319,5543138655.22532,382867803370,3122775
2023-08-23,1256926,3223038,825723154897369708800469,4976976558.345865,365321818317,3073414
2023-08-24,1242398,3152193,473617014049219492168059,4724224607.650974,360578566924,3013784
2023-08-25,1252200,3132995,534315350024175293833278,5137211490.844306,358154958998,3000149
2023-08-26,1154534,2788076,383778479003272346459739,4623684370.403178,336428011586,2683082
2023-08-27,1077866,2648913,367640117224890126594299,4483685677.764855,337439637507,2551842
2023-08-28,1199897,3047191,1539419394588377204563601,5556361248.382788,343780975860,2918328
2023-08-29,1191794,3154062,1317215516840873770670900,5429661470.175086,372094570004,2990243
2023-08-30,1112726,2885111,682391062175141528251451,6343423776.832738,335736563063,2742303
2023-08-31,1201980,3191512,1382161873850253269594969,4714828000.429896,387335280836,3019428
2023-09-01,1256241,3337094,4357210514717488058558635,4811663615.497757,391597411076,3166793
2023-09-02,1192305,3012447,1275396555487249600950936,4714260261.069132,337873620006,2884976
2023-09-03,1117219,2843462,513842275986224218023093,4651621229.646712,320123235689,2722071
2023-09-04,1217200,3126470,750612245192838157698827,4812778642.276849,384973240223,2968145
2023-09-05,1209403,3109644,385021682233433661278442,4818242168.182768,703004737830,2933995
2023-09-06,1225122,3088150,388171494648514689384157,4847358348.357753,783047417675,2938637
2023-09-07,1237543,3179421,488910218432716870227126,4810512068.250872,362328004599,3028964
2023-09-08,1188294,3031736,469670076424733335900197,4946672424.241499,333546318030,2895723
2023-09-09,1085582,2736086,324112925983631042608855,4747078888.566663,305676324197,2627220
2023-09-10,1068648,2676907,455718025507131615786820,4975002770.60626,301425268068,2563374
2023-09-11,1169471,2997072,578051645909579095998854,5886136508.637303,332527959493,2847702
2023-09-12,1268564,3230064,586224964931385281011484,7411423697.600515,337618557668,3045537
2023-09-13,1278117,3020498,500746492503807449829938,4401823482.895375,309666449893,2892576
2023-09-14,1214139,3147924,465304532298751068480691,4387987034.762852,481874067429,3010120
2023-09-15,1262143,3244346,633983865926741866693508,5050204086.846683,442843763674,3092760
2023-09-16,1214383,3074308,528146441255192183901525,4303577096.7944,384160116799,2948192
2023-09-17,1178857,2891154,559962324194342554968552,4469980416.973558,345611141454,2779930
2023-09-18,1317291,3241849,631622976778311570000684,5127830916.537752,382479236080,3078165
2023-09-19,1355503,3149889,583234675421685494749728,5184099011.959655,352620624692,3020494
2023-09-20,1253503,3060615,433704700847227795559265,4587790193.918877,357187471564,2920560
2023-09-21,1233714,3122597,460996405874983965209281,5097406244.247283,383212652238,2961474
2023-09-22,1214953,3064431,446428044382966811180266,4967968483.320147,364264044919,2903601
2023-09-23,1160812,2798801,456605487533923845741455,4398898543.5261965,323172249363,2694399
2023-09-24,1168361,2823987,354231061603398481505257,5388589106.221621,309760767639,2704652
2023-09-25,1276824,3093780,427488652789660110109541,4653178744.898872,361496460301,2976621
2023-09-26,1379382,3069703,2372581776278788631373991,4593457820.344171,356655531588,2957295
2023-09-27,1350554,3038582,537077055036574539724180,4412389040.712405,342602872058,2921857
2023-09-28,1374744,3103425,559780578018197923314178,5149707809.276108,337498519841,2985587
2023-09-29,1225947,2864168,494151165388714214075409,4638719005.850823,316157109917,2754740
2023-09-30,1197382,2766672,403908150404157367197333,4551202275.930987,301800541856,2673956
2023-10-01,1196065,2745324,1265363468840079224745157,4610637139.639912,309565453915,2639126
2023-10-02,1225186,2911973,631462138593782850820187,5402093473.58328,331277731271,2790713
2023-10-03,1234917,2870349,495584013547141424994368,4643094225.948506,349646512560,2761755
2023-10-04,1184848,2839462,629642281283995266708087,4848880923.594615,367794250005,2724998
2023-10-05,1192939,2818958,511336694831040058881374,5292709868.482915,335844530000,2709011
2023-10-06,1251522,2864276,644119144633570402522370,5478592342.635799,345071211083,2747151
2023-10-07,1221504,2743740,514495252464030876589173,5259156170.356962,331702052416,2646730
2023-10-08,1221403,2712488,477082986424422438592994,4530910404.925306,331092928125,2607558
2023-10-09,1259019,2933092,642374321822120606352831,4787729410.308424,327474515210,2805645
2023-10-10,1349231,3015411,1863240561236072149405869,7244667260.86499,327546046757,2904836
2023-10-11,1355249,2979593,1394137014309425508564550,4755804771.771772,328222009400,2870307
2023-10-12,1392722,3022619,547681890020799239384800,5820636084.679229,329797996684,2901908
2023-10-13,1311304,2925299,688905708353923564566713,4793845356.449599,343617076393,2809215
2023-10-14,1214198,2652544,1434682016554716850457576,5039188544.370947,290094047717,2553497
2023-10-15,1228294,2696912,541687886559930926026622,4284662037.3398404,291020694051,2585960
2023-10-16,1444189,3203416,714059839805834011334117,5159509073.986757,361805882507,3070924
2023-10-17,1368608,3081521,805728833350370324709439,4737387893.312093,356381214958,2954136
2023-10-18,1391248,3089621,670579537937688136024784,8107038680.802172,347952282646,2950773
2023-10-19,1323975,3047023,483242815423277586142416,6524565192.400396,334513655551,2904380
2023-10-20,1328824,3128870,560512789126407621162763,5100948562.331459,352212641090,2997664
2023-10-21,1147352,2635104,517085744862862282339682,4888586556.579556,310483444621,2522893
2023-10-22,1085549,2499846,387749041362650470924010,4782061948.405218,297619067881,2392536
2023-10-23,1320968,3218867,778204407328327333688936,7480953066.214112,378305179957,3047879
2023-10-24,1341621,3363969,888610644788092817868626,6236677147.339479,397028048005,3165846
2023-10-25,1351646,3254597,796106547206940036351641,5933204267.435126,386353338233,3076779
2023-10-26,1334051,3187516,678822239200238398051161,5026026324.512346,384174411769,2990388
2023-10-27,1390623,3632879,1846487575431916849125439,5820203226.001205,427558277623,3135752
2023-10-28,1339197,3011509,2203518796866219602147579,5093236800.244617,354004972141,2875392
2023-10-29,1210450,2925428,857733049809628398097335,5609913539.445368,353792721676,2757915
2023-10-30,1378285,3234958,1273624601233534665404139,5778591932.042474,387103375750,3082337
2023-10-31,1380175,3238176,766172757957005461617636,5966347319.63184,412440119354,3080790
2023-11-01,1393044,3274062,741030996286710313823078,6023391037.654856,380856269569,3096903
2023-11-02,1349067,3384297,1329531364790251819301490,7743883076.371735,390165720511,3178279
2023-11-03,1242996,3058959,1920553095599438931227507,5910589174.598393,373712727985,2881991
2023-11-04,1144115,2885842,1039161990873897137490101,6144597734.804961,336297549429,2726546
2023-11-05,1187075,3129298,1674456980236350670593277,8056227435.408906,382642118945,2893328
2023-11-06,1274145,3310229,1257589329250162826925987,7023661414.858515,387528382339,3101709
2023-11-07,1206634,3200956,833568423649632559915293,5998072360.721172,376704150155,2991574
2023-11-08,1235077,3202796,735534866617331029866783,7333946742.83537,375944010181,3023771
2023-11-09,1339828,4374383,2621972574523150715727126,7632795122.791631,450562951321,4094514
2023-11-10,1335165,3524710,4393831241784880402313732,7257717388.85376,380440080254,3202991
2023-11-11,1279021,3355092,726639523002638817667837,5974732096.109078,379298872257,3105514
2023-11-12,1211099,3105853,651206442463689028442846,7031793395.133933,358004617702,2917045
2023-11-13,1297296,3328869,790781386666858793926779,8493114005.493695,383325479319,3117585
2023-11-14,1287023,3536486,820841243698677821283930,6004264223.332018,380589885431,3320331
2023-11-15,1262995,3495035,977326277300209207273234,6236173104.090864,383732573937,3298430
2023-11-16,1288540,4804087,809572198541650056389053,4998911336.443887,411996388844,4575434
2023-11-17,1238700,8354137,646568610838022449395478,3672657387.322936,504107623317,8144951
2023-11-18,1121280,4623489,556693752169353236419462,6590421196.799051,363171716305,4479930
2023-11-19,1076485,9511510,538420524970639066940024,3187461389.8829784,476779550849,9368135
2023-11-20,1223303,4575024,1092539737846135891264109,4816186242.001296,414200810404,4361439
2023-11-21,1203122,3691571,2795777194316552113412396,6246498887.67559,437132033622,3366173
2023-11-22,1264249,3544617,1129215889719376355100401,6828281877.795558,409981523186,3304530
2023-11-23,1247717,3261512,1321198366440266724293730,6816841390.862712,369137286816,3066719
2023-11-24,1343357,3342502,927956084191959165495887,5876500766.320482,365552191932,3158247
2023-11-25,1167161,2926261,563722722370380248032175,5624509369.131801,324762724909,2767388
2023-11-26,1161500,2995215,962292096540296442827586,6515537467.031564,338994011007,2820113
2023-11-27,1287409,3331172,4520138690321033227191833,6389038544.839776,367142882687,3118275
2023-11-28,1285466,3403628,732871866141613803674287,7968459965.950348,376281116715,3196630
2023-11-29,1270020,3218584,750280020319498894884947,6588219433.513151,354073565340,3038722
2023-11-30,1283597,3320813,745073108271362090402366,6344651607.864156,379706697357,3132282
2023-12-01,1279408,3340856,724223506317479585138259,6407743232.460088,368683620366,3151292
2023-12-02,1172424,3156531,670743808751575130303815,8646005239.531885,351525700112,2960196
2023-12-03,1147122,3064781,714201912462040125113543,6616112931.071422,343466654972,2877418
2023-12-04,1266056,3771495,921001719974818732560011,7031273386.870104,414117935288,3488563
2023-12-05,1308469,4217775,1126066690482222322868814,6236827493.481707,413571712155,3940128
2023-12-06,1284900,4321485,834299372400981756903543,6912209324.721071,417896688366,4054065
2023-12-07,1213233,32682639,685820044118219905373958,3713586207.5282383,1010694327613,32460874
2023-12-08,1317063,12833057,844724479941488326682588,5005822803.433585,628477396368,12543223
2023-12-09,1260395,7840481,718076405080677389713088,4428494455.803489,499683525955,7604216
2023-12-10,1170984,4620009,676644919888654844173216,5529082939.764047,409872619639,4414302
2023-12-11,1308510,4253324,1542140065458313692311362,6866490899.009533,445037434307,3963325
2023-12-12,1317281,4054233,4593782091117963810486071,7735837854.366549,428275684933,3813187
2023-12-13,1239759,4784568,3679815153583428717541944,5976424871.016495,452886290625,4556963
2023-12-14,1327849,4767049,1132443450259561259706958,6138725932.865827,447980913818,4509053
2023-12-15,1548324,6586101,908273747325852192954992,5474188361.464528,553366419218,6273370
2023-12-16,1247171,4603667,919611670552325011486562,5993730896.953017,514887670839,4379956
2023-12-17,1218379,14218006,1173619907503143551950731,6053822716.046104,672424310995,13961722
2023-12-18,1294802,5517402,7991462372291049246556815,6930640205.313965,526862864911,5260224
2023-12-19,1412632,11411266,3119485090141431309932249,4341715908.276394,614918450373,11174088
2023-12-20,1365616,6840235,3508655937687895153537789,4875211052.934634,501540234208,6639041
2023-12-21,1405225,4638883,919744915999300957823573,7154099614.541154,483508960095,4406865
2023-12-22,1319686,4226254,936291080473715536587598,7585344076.347523,438703236747,3996240
2023-12-23,1217592,4219930,3335844618600000883473135,6155930965.07366,424556810175,3966026
2023-12-24,1215719,4504998,642458114734456259120947,5641714389.298495,462172242189,4207629
2023-12-25,1246493,4185529,806839552836146676102194,6422010107.8465185,425997356114,3947600
2023-12-26,1535571,6032427,8447477326061931572186503,6288188549.458762,555508381953,5678051
2023-12-27,1857253,6374771,4786228151811199015866889,5904079915.1776905,577669480272,6082925
2023-12-28,2144162,6648188,2524396872761092945032200,6100225417.005174,685691584294,6181607
2023-12-29,3121020,9241855,980743385604746685291748,3766783242.1359587,773252826414,8908562
2023-12-30,3826598,9653252,2832979876869945034771534,3766959030.916731,745624170250,9291342
2023-12-31,2641932,6694843,12459299021342163475500077,4988627044.145665,542901393963,6339771
2024-01-01,1885638,4665855,3252901086365471047448003,5189162463.717969,417323150215,4284520
2024-01-02,1980687,4981573,928299570965291949605299,5631403700.405128,467495872268,4698657
2024-01-03,1967139,5231612,2802205875842018254306549,6671432341.94806,534262210998,4862259
2024-01-04,2344851,5734880,4347737706667463461577750,5996316857.810145,516080656359,5463172
2024-01-05,1642090,4160479,2473234033830004019321440,5841739682.157577,422781481359,3938676
2024-01-06,1467937,3732454,886630715279930119154416,6603227281.266949,400257376872,3531296
2024-01-07,1508433,3631146,674344291939022042617987,8341490716.779481,390888685599,3439128
2024-01-08,1677786,4190017,2264992460510537469263479,7272297564.267432,428293307629,3968264
2024-01-09,1620689,4124772,4249375457268260472588359,6572126744.392979,430998617998,3892363
2024-01-10,1637707,4166077,922037906717860261075452,7754013185.841546,446579684644,3923296
2024-01-11,1621340,4323181,845853035647305252984480,6851605805.749339,478180987368,4071657
2024-01-12,1619245,4623233,817923376739877517136119,6700300429.308387,448683818579,4393299
2024-01-13,1508896,3701755,752694464455244109911308,5590427875.047621,381218288219,3541293
2024-01-14,1458074,3588882,811034326907610573626559,6354232177.662164,386656388942,3427229
2024-01-15,1596785,4066232,3150918572410012482649946,5613316920.393649,427907274124,3882955
2024-01-16,1593001,3873985,3084495895252267383300616,6049772807.56105,423302988511,3708559
2024-01-17,1507529,3693547,1510103497295235980308262,8614985126.683971,400592959841,3520631
2024-01-18,1576767,3813912,5809593859171733889766882,5553704344.5858135,417839964791,3629787
2024-01-19,1611443,3870354,1939768498125741597081983,6635215685.184851,420276555816,3683517
2024-01-20,1472166,3384641,2591608711840821556443636,5330678233.885233,360492271749,3254173
2024-01-21,1463772,3340085,579314839618889099250869,5143640513.263957,375819239009,3219351
2024-01-22,1633896,3934125,749571452140040618134331,6224394676.537525,436283364342,3748224
2024-01-23,1559108,4133430,951435901202169821364409,6663764317.704369,438599985835,3945042
2024-01-24,1667545,4091554,2887531158660370561872770,9141035300.574173,413273910930,3910759
2024-01-25,1798867,4215932,4185383715259853760282818,6529764326.2060585,427491699906,4046969
2024-01-26,1623760,3877529,916511294624673826148010,5511424464.967944,417129092198,3727741
2024-01-27,1549306,3481494,642894559087978527471198,5028602188.502804,370544708023,3365589
2024-01-28,1483492,3448385,587277014202929986959771,5145004108.512189,385018862979,3317150
2024-01-29,1496590,3522053,663644019230562013377499,5669454094.113225,402969926623,3374718
2024-01-30,1656659,3861866,674152590805741995738806,6696290018.194958,406430959114,3691919
2024-01-31,1536941,3637532,530020276706588152804094,5920580213.370637,407417620997,3468711
