day,unique_addresses,total_transactions,total_value_transferred,average_gas_price,total_gas_used,successful_transactions
1/1/23 0:00,360672,742785,5.17362E+23,18036457836,1.09417E+11,719918
2/1/23 0:00,434656,920276,6.63603E+23,20591319328,1.08875E+11,877860
3/1/23 0:00,449852,948116,7.09987E+23,22267876443,1.08801E+11,910349
4/1/23 0:00,523673,1046389,1.79734E+24,29513905520,1.08693E+11,1011943
5/1/23 0:00,637028,1142818,1.08438E+24,25709158256,1.0834E+11,1105932
6/1/23 0:00,509869,1028132,1.01432E+24,24515619991,1.08507E+11,991717
7/1/23 0:00,509897,957607,4.88721E+23,18714982021,1.08848E+11,928208
8/1/23 0:00,737589,1184114,7.45297E+23,22169765554,1.08935E+11,1153052
9/1/23 0:00,566110,1093675,1.39568E+24,26543481375,1.08487E+11,1060699
10/1/23 0:00,534628,1061055,1.14438E+24,24832851982,1.08547E+11,1026867
11/1/23 0:00,548119,1083178,1.07803E+24,25466337456,1.08342E+11,1046182
12/1/23 0:00,554465,1085563,1.82543E+24,25397758826,1.08298E+11,1054356
13/1/23 0:00,537241,1076328,1.77522E+24,29480606306,1.08415E+11,1039505
14/1/23 0:00,573230,1107804,2.24242E+24,27988987982,1.08512E+11,1076344
15/1/23 0:00,508102,1000777,6.6248E+23,23739712895,1.08297E+11,965788
16/1/23 0:00,550027,1057284,1.41981E+24,27887418109,1.08393E+11,1018051
17/1/23 0:00,532383,1018353,1.46394E+24,26891033300,1.08534E+11,986394
18/1/23 0:00,594003,1118225,1.59276E+24,33560576341,1.08423E+11,1090585
19/1/23 0:00,506577,1007125,1.32882E+24,24745685461,1.08403E+11,976555
20/1/23 0:00,528575,1024504,1.37474E+24,25720620233,1.08679E+11,1000571
21/1/23 0:00,508960,994076,1.07207E+24,21072475142,1.08546E+11,969223
22/1/23 0:00,453143,889814,7.23681E+23,19312151668,1.08892E+11,866551
23/1/23 0:00,470894,947725,1.19157E+24,23115320837,1.08833E+11,921724
24/1/23 0:00,502911,1032293,1.37432E+24,30754508640,1.0863E+11,989181
25/1/23 0:00,501528,1020705,1.69793E+24,25825941797,1.08543E+11,988687
26/1/23 0:00,525257,1048864,9.34196E+23,26205253084,1.08499E+11,1020782
27/1/23 0:00,590303,1100192,1.15993E+24,25377717914,1.08403E+11,1064952
28/1/23 0:00,483142,964429,8.07828E+23,18813456271,1.08897E+11,940759
29/1/23 0:00,492452,998228,8.0308E+23,23135740585,1.08678E+11,968105
30/1/23 0:00,552343,1074566,1.60775E+24,21825804088,1.0852E+11,1048771
31/1/23 0:00,557467,1086364,1.16681E+24,30245226857,1.08507E+11,1053845
1/2/23 0:00,543983,1064236,1.24379E+24,30951074759,1.08362E+11,1032133
2/2/23 0:00,565227,1104114,1.59059E+24,32389670787,1.08031E+11,1074721
3/2/23 0:00,526222,1072608,1.36744E+24,33686520435,1.08162E+11,1040613
4/2/23 0:00,548836,1064597,9.16576E+23,26322246409,1.08299E+11,1033600
5/2/23 0:00,563420,1069625,7.90605E+23,23794846802,1.0847E+11,1044808
6/2/23 0:00,545878,1077149,1.02258E+24,28478691953,1.08518E+11,1048345
7/2/23 0:00,565234,1142836,1.25075E+24,36817069793,1.08091E+11,1111411
8/2/23 0:00,558774,1121215,1.44337E+24,38656256230,1.07868E+11,1088894
9/2/23 0:00,529182,1082467,1.50837E+24,40353819491,1.08245E+11,1043644
10/2/23 0:00,542788,1071635,2.32447E+24,29368859389,1.08391E+11,1037656
11/2/23 0:00,493015,961493,8.92107E+23,21415378130,1.08515E+11,930107
12/2/23 0:00,489733,953020,6.06974E+23,21067638895,1.08569E+11,928275
13/2/23 0:00,540177,1054742,1.66684E+24,29595631552,1.08349E+11,1024251
14/2/23 0:00,602176,1141796,1.47454E+24,64056071186,1.08359E+11,1112166
15/2/23 0:00,579897,1160879,1.62256E+24,42442291537,1.07997E+11,1130106
16/2/23 0:00,570292,1138195,1.70557E+24,44451859861,1.0812E+11,1105027
17/2/23 0:00,538418,1066755,1.01405E+24,40142664080,1.07246E+11,1036087
18/2/23 0:00,497818,972865,8.07617E+23,30627715818,1.07573E+11,941335
19/2/23 0:00,489539,1002399,7.7837E+23,29673223535,1.07713E+11,968353
20/2/23 0:00,532863,1059640,1.1399E+24,37171212039,1.079E+11,1019340
21/2/23 0:00,563018,1084290,1.24438E+24,37349599727,1.07663E+11,1054304
22/2/23 0:00,565972,1080839,1.47089E+24,40866932589,1.07474E+11,1052724
23/2/23 0:00,611621,1093537,1.15292E+24,42639674435,1.07654E+11,1064391
24/2/23 0:00,625261,1095771,1.26408E+24,34956299586,1.0728E+11,1073851
25/2/23 0:00,572021,995229,7.81302E+23,24663365746,1.0783E+11,975533
26/2/23 0:00,572702,982721,8.46653E+23,24307982693,1.08008E+11,962228
27/2/23 0:00,565588,1034112,1.52377E+24,27327787901,1.08032E+11,1010967
28/2/23 0:00,534392,1044634,1.12016E+24,29019407899,1.07547E+11,1016742
1/3/23 0:00,561026,1081357,1.17645E+24,35831060580,1.07745E+11,1052609
2/3/23 0:00,580867,1088950,1.08045E+24,33605840367,1.07402E+11,1060869
3/3/23 0:00,566532,1092189,1.4338E+24,34761706713,1.07393E+11,1061611
4/3/23 0:00,490052,971157,6.81821E+23,27052351676,1.07603E+11,940041
5/3/23 0:00,472163,940858,5.69523E+23,29307339847,1.07763E+11,906013
6/3/23 0:00,520570,1037182,1.23855E+24,37983458797,1.07549E+11,998939
7/3/23 0:00,518174,1035152,1.05178E+24,37755589297,1.07562E+11,1001824
8/3/23 0:00,509344,1011772,1.26633E+24,37320061309,1.07454E+11,978537
9/3/23 0:00,544512,1037747,1.48396E+24,40550234117,1.07465E+11,1011766
10/3/23 0:00,544552,1065950,2.09376E+24,36919533821,1.07093E+11,1036488
11/3/23 0:00,503380,1031282,4.43692E+24,1.01E+11,1.07407E+11,996039
12/3/23 0:00,504170,974883,2.00339E+24,30904991179,1.07588E+11,945068
13/3/23 0:00,666654,1173725,2.74929E+24,39889905007,1.07624E+11,1145153
14/3/23 0:00,594678,1105574,2.6045E+24,36151597518,1.07692E+11,1077325
15/3/23 0:00,578080,1076742,2.26095E+24,32866777696,1.07371E+11,1045775
16/3/23 0:00,536858,1042763,1.36226E+24,29146213974,1.07719E+11,1015437
17/3/23 0:00,584090,1068367,1.79289E+24,28876682813,1.07604E+11,1039370
18/3/23 0:00,553340,1023641,1.62086E+24,21372877183,1.07734E+11,998778
19/3/23 0:00,522317,992358,9.57601E+23,22355362291,1.07817E+11,960934
20/3/23 0:00,622272,1123422,1.63914E+24,24985753846,1.07869E+11,1094274
21/3/23 0:00,593795,1081542,1.38391E+24,22839471496,1.07635E+11,1055304
22/3/23 0:00,592055,1073049,2.6336E+24,23669198288,1.07701E+11,1048571
23/3/23 0:00,610164,1077305,1.73668E+24,27097769260,1.07438E+11,1054724
24/3/23 0:00,598510,1084231,1.65121E+24,26619909041,1.07616E+11,1059282
25/3/23 0:00,579438,1052415,8.86054E+23,20362203950,1.07673E+11,1029583
26/3/23 0:00,542576,1011463,6.86175E+23,22162968519,1.07664E+11,984818
27/3/23 0:00,589402,1100122,1.47378E+24,32606040326,1.07547E+11,1073245
28/3/23 0:00,641374,1149677,1.31352E+24,33296747287,1.07485E+11,1114886
29/3/23 0:00,649541,1165012,1.3394E+24,34602893435,1.07463E+11,1133679
30/3/23 0:00,666269,1187924,1.09085E+24,37400759221,1.07533E+11,1152454
31/3/23 0:00,652580,1150727,1.78124E+24,31440721408,1.077E+11,1117540
1/4/23 0:00,560096,1020143,7.81642E+23,24741287947,1.07529E+11,992714
2/4/23 0:00,527810,981226,6.45276E+23,23677899834,1.07626E+11,955734
3/4/23 0:00,557783,1052294,1.56186E+24,33288679532,1.07038E+11,1022028
4/4/23 0:00,584045,1068725,1.43826E+24,34822024601,1.06177E+11,1039575
5/4/23 0:00,620507,1123693,1.93207E+24,38414399966,1.06356E+11,1089339
6/4/23 0:00,565341,1036898,1.1886E+24,33043798323,1.05777E+11,1011567
7/4/23 0:00,593518,1043552,7.32041E+23,27937185695,1.0686E+11,1016287
8/4/23 0:00,508110,924776,6.17081E+23,25168323209,1.07121E+11,900994
9/4/23 0:00,496127,956899,5.7065E+23,24095099019,1.06894E+11,935755
10/4/23 0:00,571397,1016480,1.03323E+24,28423542045,1.07033E+11,993316
11/4/23 0:00,615438,1084502,1.14277E+24,33681093302,1.06784E+11,1049664
12/4/23 0:00,574899,1021632,1.77453E+24,26818315709,1.06138E+11,1000210
13/4/23 0:00,662974,1094764,1.74799E+24,35563190355,98436638731,1072705
14/4/23 0:00,692435,1166392,2.07505E+24,33953044053,1.05789E+11,1136737
15/4/23 0:00,656568,1056292,8.17323E+23,27096530499,1.06458E+11,1038171
16/4/23 0:00,487167,854249,9.60145E+23,30469108368,1.0723E+11,832839
17/4/23 0:00,511071,1011979,1.33551E+24,39511637138,1.06808E+11,972988
18/4/23 0:00,518677,1070108,1.40668E+24,60817366363,1.06664E+11,1022649
19/4/23 0:00,500701,1085066,2.2837E+24,81943647577,1.06843E+11,1031788
20/4/23 0:00,513519,1073576,1.99157E+24,76593655942,1.05986E+11,1023880
21/4/23 0:00,525332,1009840,2.04885E+24,46365409545,1.07249E+11,976997
22/4/23 0:00,433235,862010,8.81084E+23,43833129395,1.08424E+11,827309
23/4/23 0:00,413617,867666,8.67438E+23,48450624042,1.08086E+11,828597
24/4/23 0:00,461427,940804,1.23822E+24,51481567850,1.08015E+11,901354
25/4/23 0:00,503158,976311,1.41622E+24,44423858600,1.07873E+11,939847
26/4/23 0:00,505531,978121,1.71264E+24,46885746251,1.07928E+11,944038
27/4/23 0:00,500264,939262,1.63039E+24,43417185595,1.07876E+11,905988
28/4/23 0:00,513094,987649,1.19415E+24,43633561010,1.07818E+11,949403
29/4/23 0:00,464347,887098,6.75304E+23,41252060084,1.08088E+11,852221
30/4/23 0:00,469985,974972,7.81624E+23,50580093244,1.07706E+11,929096
1/5/23 0:00,498013,1102060,2.5422E+24,77126318174,1.07197E+11,1046112
2/5/23 0:00,512091,1127805,1.36967E+24,95049603008,1.07241E+11,1070649
3/5/23 0:00,533584,1117146,1.22064E+24,83762267764,1.07087E+11,1066286
4/5/23 0:00,527338,1110210,1.47016E+24,86486115375,1.0753E+11,1056698
5/5/23 0:00,593148,1208548,1.77544E+24,1.56E+11,1.07417E+11,1152227
6/5/23 0:00,515111,1145565,1.88538E+24,1.51E+11,1.07047E+11,1081601
7/5/23 0:00,486745,1101487,9.41683E+23,1.25E+11,1.07253E+11,1035737
8/5/23 0:00,545164,1145960,1.68132E+24,1.22E+11,1.07204E+11,1092421
9/5/23 0:00,547830,1126707,1.47934E+24,1.03E+11,1.07266E+11,1076853
10/5/23 0:00,512678,1086375,2.15382E+24,1.08E+11,1.07188E+11,1036143
11/5/23 0:00,503645,1099638,1.72282E+24,1.13E+11,1.06161E+11,1045631
12/5/23 0:00,541150,1070884,1.9224E+24,77852992618,1.0437E+11,1028434
13/5/23 0:00,533449,994500,7.51219E+23,49682615247,1.07025E+11,959956
14/5/23 0:00,534176,992354,6.41802E+23,48384396065,1.0668E+11,955751
15/5/23 0:00,553998,1091921,1.33583E+24,68043747934,1.06933E+11,1046345
16/5/23 0:00,533101,1072600,1.24024E+24,64374908775,1.06956E+11,1033266
17/5/23 0:00,531099,1043585,1.2239E+24,60505535694,1.06832E+11,1006286
18/5/23 0:00,509467,1054402,1.09285E+24,61428068427,1.073E+11,1012446
19/5/23 0:00,541852,1073998,1.12619E+24,53950566897,1.06913E+11,1031967
20/5/23 0:00,597632,1049772,7.3116E+23,38588308207,1.07537E+11,1020474
21/5/23 0:00,545819,1014742,8.10433E+23,40754757081,1.07273E+11,982153
22/5/23 0:00,520129,1075234,1.07183E+24,54738006490,1.07282E+11,1031265
23/5/23 0:00,534816,1113165,1.46032E+24,61474276313,1.06998E+11,1068785
24/5/23 0:00,523589,1054823,1.27952E+24,51263205411,1.07274E+11,1017629
25/5/23 0:00,542165,1062757,1.0153E+24,47963979652,1.07274E+11,1017236
26/5/23 0:00,539426,1059510,1.58565E+24,38295483040,1.0741E+11,1024171
27/5/23 0:00,523087,982620,7.98132E+23,30857611373,1.07792E+11,951308
28/5/23 0:00,471109,968996,8.92656E+23,35304442784,1.07757E+11,931154
29/5/23 0:00,525158,1082245,1.2803E+24,43753085048,1.07276E+11,1037393
30/5/23 0:00,606791,1190789,1.1429E+24,52791040032,1.07146E+11,1150723
31/5/23 0:00,574559,1098149,1.72896E+24,45644667671,1.07125E+11,1060168
1/6/23 0:00,512717,1071180,1.84263E+24,46429527239,1.07157E+11,1028139
2/6/23 0:00,597077,1102996,1.51761E+24,37543014337,1.07031E+11,1066342
3/6/23 0:00,539949,1003794,7.42603E+23,29191407795,1.07401E+11,968633
4/6/23 0:00,508671,962454,6.24501E+23,26538386439,1.07373E+11,927650
5/6/23 0:00,615628,1151611,2.86469E+24,42765863720,1.06761E+11,1100291
6/6/23 0:00,575126,1095144,2.15315E+24,32443616526,1.07116E+11,1062441
7/6/23 0:00,578360,1071257,2.07449E+24,28583680802,1.07237E+11,1041249
8/6/23 0:00,510504,1008582,1.45316E+24,29881294913,1.07159E+11,976487
9/6/23 0:00,581731,1046976,9.69836E+23,27112035037,1.07509E+11,1017624
10/6/23 0:00,717454,1204433,1.60823E+24,29347417846,1.07524E+11,1181947
11/6/23 0:00,730313,1106073,7.08912E+23,22461462688,1.07845E+11,1087837
12/6/23 0:00,526569,975959,1.60325E+24,22163743288,1.07596E+11,949907
13/6/23 0:00,516955,952433,1.39801E+24,21159834803,1.07824E+11,928536
14/6/23 0:00,554477,1023424,1.84059E+24,26846036954,1.07341E+11,994616
15/6/23 0:00,617720,1110065,1.57985E+24,23774015840,1.07254E+11,1080164
16/6/23 0:00,618750,1146585,1.43475E+24,25512775797,1.07574E+11,1112210
17/6/23 0:00,542265,984217,8.86256E+23,22782178091,1.08193E+11,954921
18/6/23 0:00,527200,1001818,5.71195E+23,19258566570,1.08262E+11,974645
19/6/23 0:00,564341,1046350,9.75736E+23,23797800158,1.07943E+11,1014044
20/6/23 0:00,521194,1072045,1.36572E+24,23485662783,1.07761E+11,1043974
21/6/23 0:00,575573,1091714,2.02052E+24,25911901778,1.07845E+11,1066580
22/6/23 0:00,537535,1052333,1.85261E+24,21751822867,1.07524E+11,1021765
23/6/23 0:00,565685,1054976,1.16673E+24,24162209448,1.07627E+11,1028768
24/6/23 0:00,509899,1004563,8.36314E+23,19458952565,1.07981E+11,983668
25/6/23 0:00,480956,934895,8.81756E+23,16577140864,1.07965E+11,915034
26/6/23 0:00,530588,996984,1.53246E+24,18356299421,1.07668E+11,977389
27/6/23 0:00,544636,1067370,1.39694E+24,23748973334,1.07312E+11,1041320
28/6/23 0:00,560899,1094481,1.59394E+24,25018334896,1.07926E+11,1064056
29/6/23 0:00,523401,1064346,1.22309E+24,38654952329,1.076E+11,1023387
30/6/23 0:00,589249,1129184,1.8595E+24,34621226394,1.07453E+11,1097223
1/7/23 0:00,526385,1015838,6.40697E+23,21910160118,1.07536E+11,986401
2/7/23 0:00,470322,925771,6.75013E+23,18910143641,1.08018E+11,900030
3/7/23 0:00,529069,1061564,1.2345E+24,25568830310,1.07485E+11,1031550
4/7/23 0:00,485561,931944,8.7175E+23,29850456504,1.08018E+11,908876
5/7/23 0:00,391258,760586,9.23268E+23,57566023935,1.09179E+11,740048
6/7/23 0:00,429076,914280,1.04361E+24,43880041029,1.07973E+11,882112
7/7/23 0:00,473803,1038341,1.17336E+24,37103223628,1.07354E+11,998853
8/7/23 0:00,485838,1014086,7.12128E+23,23397412310,1.07385E+11,981697
9/7/23 0:00,462551,954379,5.70556E+23,22277574744,1.07496E+11,921581
10/7/23 0:00,548938,1057858,9.26488E+23,26739882255,1.07332E+11,1026567
11/7/23 0:00,562066,1091428,9.10936E+23,26455315457,1.07353E+11,1060298
12/7/23 0:00,515835,1041317,1.08048E+24,32325010851,1.07354E+11,1010938
13/7/23 0:00,546198,1121269,1.80372E+24,38624753222,1.07204E+11,1090777
14/7/23 0:00,588576,1110332,1.54832E+24,28944487054,1.07237E+11,1081969
15/7/23 0:00,495870,950700,7.44542E+23,18217728227,1.06814E+11,924559
16/7/23 0:00,452831,946750,5.43926E+23,20792150840,1.07389E+11,917146
17/7/23 0:00,480107,1036419,1.12366E+24,26924628980,1.0767E+11,1003975
18/7/23 0:00,608310,1175963,1.32723E+24,35478900205,1.07513E+11,1146258
19/7/23 0:00,558403,1093783,1.19633E+24,31907187218,1.07511E+11,1063772
20/7/23 0:00,503304,1049510,1.06373E+24,32009270116,1.07766E+11,1018668
21/7/23 0:00,538828,1110882,1.189E+24,33374464370,1.07723E+11,1078248
22/7/23 0:00,482295,1004374,6.75246E+23,23553563819,1.07833E+11,970184
23/7/23 0:00,465382,977305,6.0458E+23,25073407368,1.07958E+11,945661
24/7/23 0:00,487771,1036300,1.08268E+24,38558174115,1.07874E+11,1001571
25/7/23 0:00,462154,990249,1.11454E+24,36003490175,1.07711E+11,956796
26/7/23 0:00,491068,1029348,1.19583E+24,31655338914,1.07942E+11,999430
27/7/23 0:00,477376,998420,7.77469E+23,36951833604,1.07813E+11,966918
28/7/23 0:00,497554,1014601,9.69011E+23,42606260992,1.07756E+11,980226
29/7/23 0:00,485737,991161,4.98511E+23,25935396508,1.07886E+11,963845
30/7/23 0:00,510602,981157,6.72095E+23,23605579597,1.07921E+11,956724
31/7/23 0:00,575885,1048101,1.1722E+24,27661560032,1.08139E+11,1021838
1/8/23 0:00,507173,1068108,1.31711E+24,27190618467,1.08014E+11,1041275
2/8/23 0:00,503796,1042149,1.12746E+24,29177145259,1.07993E+11,1013494
3/8/23 0:00,525502,1049539,8.91311E+23,27012243725,1.07794E+11,1021103
4/8/23 0:00,550572,1075359,9.26703E+23,23308784539,1.07948E+11,1050394
5/8/23 0:00,488352,1124372,5.54254E+23,20081142056,1.07994E+11,1096633
6/8/23 0:00,470702,987506,5.46926E+23,18489769138,1.0802E+11,963656
7/8/23 0:00,494196,1047336,9.8802E+23,28306852038,1.07801E+11,1019573
8/8/23 0:00,513296,1098689,9.79699E+23,28849880481,1.07802E+11,1069949
9/8/23 0:00,563822,1076595,1.00682E+24,26008814331,1.07775E+11,1051132
10/8/23 0:00,517556,1037733,8.94353E+23,26846010827,1.07793E+11,1009282
11/8/23 0:00,534692,1050203,8.70237E+23,22812399922,1.07817E+11,1025531
12/8/23 0:00,480178,972839,7.0296E+23,18003778079,1.07971E+11,948934
13/8/23 0:00,459821,920802,5.19224E+23,18081560274,1.08276E+11,895218
14/8/23 0:00,507780,1009971,8.62288E+23,25986697421,1.08013E+11,983629
15/8/23 0:00,527894,1056395,8.8231E+23,30460246582,1.0783E+11,1029360
16/8/23 0:00,506568,1076026,1.13959E+24,35785426655,1.07869E+11,1045680
17/8/23 0:00,524953,1065879,2.03416E+24,43353587426,1.07722E+11,1039074
18/8/23 0:00,545849,1081417,1.93193E+24,29143247106,1.07645E+11,1054608
19/8/23 0:00,560607,1041484,7.61894E+23,18048510124,1.07784E+11,1017771
20/8/23 0:00,475152,943440,7.43595E+23,19061660587,1.0801E+11,919077
21/8/23 0:00,492001,1010718,1.18039E+24,27430425281,1.07844E+11,983910
22/8/23 0:00,503871,1040834,1.38206E+24,36042583150,1.07886E+11,1012147
23/8/23 0:00,505919,1045220,1.39827E+24,26627646516,1.07932E+11,1020240
24/8/23 0:00,507591,1055235,9.0427E+23,23912416712,1.07709E+11,1030405
25/8/23 0:00,491992,1025742,1.00648E+24,27727821507,1.07753E+11,997643
26/8/23 0:00,540779,990794,4.84261E+23,16163126041,1.07923E+11,967507
27/8/23 0:00,473486,907110,6.56705E+23,16164619462,1.08184E+11,884774
28/8/23 0:00,456343,995843,9.00015E+23,32091168744,1.07896E+11,965564
29/8/23 0:00,496491,1019692,1.29223E+24,37967538968,1.0756E+11,991261
30/8/23 0:00,540763,1027316,9.46605E+23,26987541192,1.07681E+11,1001715
31/8/23 0:00,513898,1010128,1.34357E+24,26022197243,1.078E+11,986374
1/9/23 0:00,530163,1006635,1.10238E+24,21945116195,1.07879E+11,985750
2/9/23 0:00,581341,1024172,6.83825E+23,15384540378,1.0784E+11,1003277
3/9/23 0:00,592454,1038128,5.16658E+23,15194046509,1.08044E+11,1013495
4/9/23 0:00,473067,952440,1.22852E+24,19988471934,1.08323E+11,926766
5/9/23 0:00,509205,994049,9.76123E+23,21911470941,1.08043E+11,968342
6/9/23 0:00,549414,1058940,9.47287E+23,23356596885,1.07552E+11,1032498
7/9/23 0:00,516382,1017089,9.81597E+23,22790405453,1.07985E+11,990228
8/9/23 0:00,515864,1014297,9.35542E+23,21677420985,1.07771E+11,988414
9/9/23 0:00,485820,929400,5.11563E+23,14213972669,1.07954E+11,905741
10/9/23 0:00,445463,866548,7.29145E+23,13221297333,1.08194E+11,845592
11/9/23 0:00,546683,1021616,1.89766E+24,26627248506,1.07995E+11,996040
12/9/23 0:00,626531,1092958,4.15763E+24,19955221719,1.07809E+11,1069743
13/9/23 0:00,1203256,1627860,1.16861E+24,23828252110,1.07823E+11,1605226
14/9/23 0:00,578163,1071590,9.6824E+23,22538728517,1.07429E+11,1046400
15/9/23 0:00,508675,1002709,9.91702E+23,20741545085,1.07052E+11,976848
16/9/23 0:00,479597,922374,6.54381E+23,13803085156,1.07138E+11,898883
17/9/23 0:00,461972,879624,4.86771E+23,12180974956,1.06744E+11,858202
18/9/23 0:00,499507,979571,9.40617E+23,20745638649,1.0752E+11,954754
19/9/23 0:00,519205,1002911,1.05654E+24,16487181115,1.07835E+11,979042
20/9/23 0:00,524854,1012663,1.03861E+24,18468061245,1.07981E+11,989300
21/9/23 0:00,657684,1131119,9.44987E+23,38877485920,1.07884E+11,1107815
22/9/23 0:00,518632,974991,8.46965E+23,13017038958,1.07827E+11,955392
23/9/23 0:00,473655,863503,5.4648E+23,10829844791,1.08565E+11,845879
24/9/23 0:00,467761,883746,5.65682E+23,10394171996,1.0831E+11,864595
25/9/23 0:00,507757,990751,7.8727E+23,16689626817,1.08056E+11,966557
26/9/23 0:00,537659,1041222,8.34962E+23,19272125610,1.07931E+11,1012869
27/9/23 0:00,544288,1056862,8.46041E+23,15250870993,1.07922E+11,1035426
28/9/23 0:00,546459,1030538,1.08202E+24,14813632157,1.07745E+11,1010428
29/9/23 0:00,542437,1024678,1.11956E+24,13039730062,1.079E+11,1002532
30/9/23 0:00,501396,977771,8.6282E+23,11215628851,1.0823E+11,954345
1/10/23 0:00,468261,922694,9.12187E+23,10825727079,1.08432E+11,902772
2/10/23 0:00,490024,1016845,1.7204E+24,22796713569,1.08255E+11,991042
3/10/23 0:00,498575,1002455,1.08319E+24,15047829339,1.07975E+11,979836
4/10/23 0:00,505897,983598,1.27802E+24,12740447740,1.08129E+11,963713
5/10/23 0:00,498403,955796,1.23689E+24,12190494886,1.08249E+11,937490
6/10/23 0:00,521254,993544,1.04342E+24,11118749182,1.08194E+11,972824
7/10/23 0:00,542603,996807,7.12157E+23,9225964157,1.08299E+11,977015
8/10/23 0:00,476047,924403,8.13861E+23,8803796378,1.08311E+11,906456
9/10/23 0:00,508639,993579,1.06242E+24,11285593525,1.0797E+11,972163
10/10/23 0:00,499549,1005950,1.39242E+24,10418480920,1.08171E+11,985635
11/10/23 0:00,517191,1005828,1.18195E+24,10809777559,1.07833E+11,985211
12/10/23 0:00,513889,1004069,9.2407E+23,11566035535,1.08027E+11,981037
13/10/23 0:00,505602,1007291,9.80432E+23,11614719089,1.08033E+11,983437
14/10/23 0:00,460463,898577,5.11707E+23,7940853545,1.08564E+11,881314
15/10/23 0:00,469200,921231,5.37691E+23,8599934583,1.08492E+11,901806
16/10/23 0:00,512236,1027904,1.1232E+24,14850235863,1.08254E+11,1005306
17/10/23 0:00,504754,1002389,1.08363E+24,12340604841,1.08019E+11,977944
18/10/23 0:00,495501,1010682,1.13788E+24,12820216358,1.0789E+11,986051
19/10/23 0:00,479589,997931,9.19727E+23,13178353285,1.07903E+11,976214
20/10/23 0:00,545503,1087921,1.44009E+24,16980753564,1.08007E+11,1062241
21/10/23 0:00,486088,987400,8.13289E+23,11306750982,1.07977E+11,967459
22/10/23 0:00,484879,980622,6.38811E+23,11480215760,1.07991E+11,958948
23/10/23 0:00,522702,1063574,1.65818E+24,25898811752,1.07985E+11,1039534
24/10/23 0:00,556583,1098323,2.13554E+24,31356942566,1.07753E+11,1077126
25/10/23 0:00,536570,1081158,1.35605E+24,29650142245,1.07561E+11,1059701
26/10/23 0:00,547233,1091779,1.39467E+24,28965039599,1.07843E+11,1064218
27/10/23 0:00,505184,1034649,1.18326E+24,22917952679,1.07996E+11,1010586
28/10/23 0:00,486708,991315,7.06212E+23,17658107990,1.0779E+11,969471
29/10/23 0:00,487043,1071556,6.46608E+23,18114650623,1.0782E+11,1049671
30/10/23 0:00,523148,1094713,1.46413E+24,27247936476,1.07827E+11,1072250
31/10/23 0:00,533699,1089606,1.1763E+24,29033154312,1.07631E+11,1066835
1/11/23 0:00,528832,1101380,1.6357E+24,30502115045,1.07945E+11,1079099
2/11/23 0:00,517407,1045341,1.56784E+24,30074060484,1.07598E+11,1024653
3/11/23 0:00,528749,1104674,1.38522E+24,26833119086,1.07677E+11,1083822
4/11/23 0:00,481105,1013882,6.82696E+23,20081868287,1.07692E+11,992174
5/11/23 0:00,477477,1034459,9.19549E+23,23092755495,1.07653E+11,1010030
6/11/23 0:00,507737,1101645,1.40551E+24,34963340751,1.07777E+11,1073675
7/11/23 0:00,523226,1055975,1.63693E+24,31764118198,1.07903E+11,1033356
8/11/23 0:00,517953,1066274,1.38887E+24,36835194279,1.07938E+11,1041039
9/11/23 0:00,569503,1125199,2.21472E+24,57102480375,1.07941E+11,1102622
10/11/23 0:00,586021,1146191,2.39146E+24,44566249163,1.07972E+11,1122680
11/11/23 0:00,532123,1107685,1.02459E+24,33766431271,1.07896E+11,1084477
12/11/23 0:00,501476,1061494,1.12549E+24,32887947141,1.07891E+11,1035200
13/11/23 0:00,488632,1088278,1.44342E+24,54342492133,1.07859E+11,1056709
14/11/23 0:00,490583,1050000,1.45539E+24,42769074310,1.08062E+11,1023048
15/11/23 0:00,516207,1075386,1.54408E+24,39406915229,1.07844E+11,1052869
16/11/23 0:00,535464,1093005,1.52446E+24,39562673470,1.08003E+11,1070097
17/11/23 0:00,513562,1084679,1.40504E+24,32579592056,1.07939E+11,1061740
18/11/23 0:00,493318,1134614,1.03589E+24,27278257634,1.07394E+11,1113784
19/11/23 0:00,487493,983460,9.37958E+23,24844635282,1.07813E+11,962781
20/11/23 0:00,572492,1151945,1.30593E+24,45131791881,1.07964E+11,1128009
21/11/23 0:00,557793,1129495,1.2689E+24,45641080284,1.07865E+11,1110607
22/11/23 0:00,568136,1142003,1.75509E+24,45161108097,1.07838E+11,1116768
23/11/23 0:00,562105,1123339,1.37834E+24,37337252875,1.07864E+11,1102046
24/11/23 0:00,543510,1068410,1.43631E+24,33263276750,1.07751E+11,1047533
25/11/23 0:00,501259,985612,7.46682E+23,26140756115,1.07937E+11,966761
26/11/23 0:00,491476,989613,7.21197E+23,28528695135,1.07779E+11,970071
27/11/23 0:00,503949,1077314,1.45288E+24,37580579846,1.07702E+11,1053823
28/11/23 0:00,523845,1155016,1.31562E+24,46073858389,1.07825E+11,1129484
29/11/23 0:00,524726,1151825,1.19778E+24,42539356166,1.07941E+11,1127844
30/11/23 0:00,534301,1119717,1.47673E+24,51292428374,1.07888E+11,1093218
1/12/23 0:00,549473,1119260,1.63168E+24,47902562692,1.07863E+11,1092493
2/12/23 0:00,509853,1210135,7.75884E+23,39046408864,1.08073E+11,1189750
3/12/23 0:00,515269,1030989,8.57141E+23,37558175914,1.07731E+11,1010877
4/12/23 0:00,583607,1158630,1.72828E+24,52284180840,1.07933E+11,1137277
5/12/23 0:00,579067,1197166,1.52467E+24,62249090972,1.07825E+11,1175064
6/12/23 0:00,573092,1126986,1.58802E+24,61927988727,1.07655E+11,1106596
7/12/23 0:00,601461,1159526,1.41766E+24,55535210757,1.07619E+11,1138160
8/12/23 0:00,628424,1182465,1.41277E+24,47393303836,1.07735E+11,1165493
9/12/23 0:00,599728,1120555,8.52222E+23,38300260671,1.07775E+11,1104747
10/12/23 0:00,574864,1129096,7.93035E+23,38086143980,1.08027E+11,1111688
11/12/23 0:00,550412,1087662,1.64892E+24,41508837912,1.08108E+11,1071219
12/12/23 0:00,555026,1076667,1.34374E+24,50122096805,1.08107E+11,1057220
13/12/23 0:00,534133,1081514,1.3912E+24,53102099693,1.07951E+11,1064567
14/12/23 0:00,585133,1157276,1.15613E+24,50490208853,1.07686E+11,1140933
15/12/23 0:00,577778,1162222,1.4809E+24,62408897335,1.07844E+11,1140711
16/12/23 0:00,526946,1056961,8.75595E+23,56142820542,1.07658E+11,1040000
17/12/23 0:00,545968,1081782,1.14608E+24,43035438461,1.07645E+11,1065615
18/12/23 0:00,578704,1137970,1.95437E+24,65135843878,1.078E+11,1119757
19/12/23 0:00,630205,1153138,2.11181E+24,59461865666,1.07521E+11,1136891
20/12/23 0:00,696402,1246531,2.15007E+24,59904298984,1.0758E+11,1230191
21/12/23 0:00,684095,1242003,1.76473E+24,44677681379,1.07751E+11,1226716
22/12/23 0:00,665526,1205712,2.20314E+24,37780442260,1.07605E+11,1191348
23/12/23 0:00,597020,1121929,9.79518E+23,25841520736,1.0763E+11,1107116
24/12/23 0:00,594681,1140411,8.88633E+23,25761943570,1.07428E+11,1115191
25/12/23 0:00,573530,1102694,8.60451E+23,26045896236,1.07288E+11,1075708
26/12/23 0:00,601029,1116447,1.65892E+24,22207584805,1.07826E+11,1099775
27/12/23 0:00,605298,1137685,1.6807E+24,31475090098,1.0732E+11,1105755
28/12/23 0:00,652652,1185508,1.83863E+24,34067777487,1.07587E+11,1164162
29/12/23 0:00,580505,1110469,1.75228E+24,28027641089,1.07328E+11,1089143
30/12/23 0:00,587867,1090893,1.02115E+24,22897728249,1.07328E+11,1072855
31/12/23 0:00,567676,1061956,8.83407E+23,17377901165,1.07822E+11,1045353
1/1/24 0:00,611937,1101465,9.45183E+23,14906085174,1.07408E+11,1080941
2/1/24 0:00,610388,1128657,1.48608E+24,22284590590,1.07479E+11,1109007
3/1/24 0:00,568434,1092220,1.67684E+24,39988832546,1.07766E+11,1073083
4/1/24 0:00,575651,1116573,1.42681E+24,26099893223,1.07488E+11,1092508
5/1/24 0:00,567870,1069252,1.516E+24,22821996688,1.07245E+11,1052058
6/1/24 0:00,541369,994947,7.5156E+23,20329524156,1.06831E+11,979375
7/1/24 0:00,641238,1049831,6.77573E+23,32535045832,1.07394E+11,1034851
8/1/24 0:00,589016,1073535,1.60352E+24,27437921443,1.07128E+11,1058452
9/1/24 0:00,586750,1078832,1.62093E+24,24802785501,1.07736E+11,1062832
10/1/24 0:00,750186,1247106,2.28624E+24,41561765444,1.0804E+11,1228758
11/1/24 0:00,703255,1209246,2.30732E+24,35400353754,1.07494E+11,1195171
12/1/24 0:00,676027,1209875,1.99814E+24,27776006348,1.08005E+11,1193934
13/1/24 0:00,559400,1212202,9.46885E+23,19986845329,1.08006E+11,1197988
14/1/24 0:00,456501,1961144,7.9952E+23,38786781856,1.08134E+11,1948444
15/1/24 0:00,571552,1154132,1.26127E+24,26164485426,1.08164E+11,1140102
16/1/24 0:00,561053,1269778,1.22938E+24,36888126668,1.08181E+11,1251168
17/1/24 0:00,556360,1181029,1.21719E+24,40102180616,1.07969E+11,1159195
18/1/24 0:00,596843,1204406,1.55383E+24,37668315197,1.07969E+11,1182352
19/1/24 0:00,624542,1173934,1.38437E+24,33271450114,1.08078E+11,1152436
20/1/24 0:00,576385,1062400,6.71314E+23,19308792981,1.0826E+11,1046603
21/1/24 0:00,590522,1119258,7.46799E+23,16362395893,1.06896E+11,1103288
22/1/24 0:00,562475,1076456,1.7074E+24,21817992413,1.07066E+11,1059292
23/1/24 0:00,580962,1083406,2.69632E+24,18590570686,1.0756E+11,1066607
24/1/24 0:00,579498,1080129,1.27778E+24,15447411952,1.07891E+11,1063317
25/1/24 0:00,663376,1173661,3.33909E+24,28883670050,1.07897E+11,1153959
26/1/24 0:00,675552,1172353,1.61586E+24,22573714573,1.07807E+11,1156392
27/1/24 0:00,699601,1147736,7.72444E+23,15310918127,1.07625E+11,1132531
28/1/24 0:00,657570,1128110,7.20523E+23,14594281982,1.07888E+11,1114051
29/1/24 0:00,636543,1115710,1.46359E+24,16805633146,1.07991E+11,1100340
30/1/24 0:00,652950,1190513,1.64204E+24,31884774469,1.07941E+11,1165545
31/1/24 0:00,617596,1137621,2.17324E+24,29203802451,1.07737E+11,1116164